smiles,measured
CCC[C@H](NC(=O)OCC1=CC=CC=C1)C(=O)NC(CC(C)C)C(=O)N[C@@H](CC(C)C)C(C)=O,1
[O-][N+]1=C(C#N)C(=NO1)C2=CC(=CS2)C3=NO[N+](=C3C#N)[O-],1
CC1=C(C=CC(=C1)C2=CC(=C(C=C2)N=NC3=C(O)C4=C(C=C(C=C4N)[S]([O-])(=O)=O)C=C3[S]([O-])(=O)=O)C)N=NC5=C(O)C6=C(C=C(C=C6N)[S]([O-])(=O)=O)C=C5[S]([O-])(=O)=O,1
CCOC1=NC2=CC=CC(=C2[N]1CC3=CC=C(C=C3)C4=CC=CC=C4C5=NN=N[NH]5)C(=O)OC(C)OC(=O)OC6CCCCC6,1
CC1=CC(=CC=C1OCC(O)=O)SCC2=C(C)N=C(S2)C3=CC=C(C=C3C(F)(F)F)C(F)(F)F,1
FC(F)(F)C(=O)NC1=C(C(=O)NC2=CC(=CC=C2)Cl)C3=C(CCCC3)S1,1
[O-][N+](=O)C1=CC=C(C=C1)N2/N=C3/CN(CCN3C2=O)C(=O)C4=CC=C(Cl)C=C4,1
CC1=CC=CC=C1OCC2CN(CC3=C[NH]C4=CC=CC=C34)C(=O)C5=C(O2)C=CN=C5C6=CC=C(OCC(O)=O)C=C6,1
CCCCC[C@H](OC)C1=C(O)C2=C(C=C1O)C(=O)C3=C(C(=CC(=C3)O)O)C2=O,1
CC1=C(C#N)C2=NC(N)=C(C#N)C(C)=C2\C1=C/C3=CC=C(O3)C4=CC=CC=C4C(O)=O,1
[Na+].[O-]S(=O)(=O)OCCCCCCCCCCCCCC,1
BrC1=C(Br)C(=C2N=N[NH]C2=C1Br)Br,1
COC1=CC=C(C=C1C)C2=CSC(=N2)NC3=CC=C(C=C3)[S+]([O-])(=O)NC4=NOC(=C4)C,1
Cc1ccccc1S(=O)(=O)NC(=O)c5ccc(Cc3cn(C)c2ccc(cc23)NC(=O)OC4CCCC4)c(OC)c5,1
OC(=O)C1=C(Cl)C=CC(=C1)C2=CC=C(O2)\C=C(C#N)\C3=NC4=C([NH]3)C=CC=C4,1
BrC1=CC(\C=C(Br)C1=O)=C(/c2cc(Br)c(O)c(Br)c2)c3ccccc3C(=O)OCC,1
[Li+].FC(F)(C(F)(F)S([O-])(=O)=O)C(F)(F)C(F)(F)C(F)(F)C(F)(F)C(F)(F)C(F)(F)F,1
CC(C)C1=CC=C2[N](CC3=CC=C(Cl)C=C3)C(=C(SC(C)(C)C)C2=C1)CC(C)(C)C([O-])=O,1
ClC1=CC=CC=C1CN2CC\C3=C(C2)\N(CC4=CC=CN=C4)N(C5=CC=CC=C5)C3=O,1
CC(C)(C)SC1=C(CC(C)(C)C(O)=O)[N](CC2=CC=C(Cl)C=C2)C3=C1C=C(OCC4=NC5=CC=CC=C5C=C4)C=C3,1
CC(C)CC(NC(=O)OCC1=CC=CC=C1)C(=O)NC(CC(C)C)C(=O)NC(CCC(O)=O)C(=O)NC2=CC3=C(C=CC=C3)C=C2,1
CC(C1=CC=CC=C1)C2=C(F)C=CC(=C2)C3=N[N](C4=NC(=CS4)C(O)=O)C(=C3CC5=CC=C(C(=C5)F)[S+](N)([O-])=O)CC6CC6,1
CCC[C@H](NC(=O)[C@H](CC(C)C)NC(=O)[C@H](CC(C)C)NC(=O)OCC1=CC=CC=C1)C=O,1
CCN1\N=C(/N=C\2C(=O)N(C)C(=O)\N=C12)C3=CC=CC=C3C,1
CC1CC(=O)C2=C(O1)C=C3C(=C2O)C(=CC(=C3C4=C5C=C6OC(C)CC(=O)C6=C(O)C5=C(O)C=C4O)O)O,1
CCCC(=O)C1=C(O)C(=C(O)C(=C1O)C\C2=C(/O)C(C)(C)\C(=C(\C(C)=O)C2=O)O)C,1
CC1=CC(=CC=C1OCC2=NN=N[NH]2)SCC3=C(C)N=C(S3)C4=CC(=C(C=C4)C(F)(F)F)F,1
CC(C)c4c3cc(C)c(c1c(C)cc2c(c1O)c(C=O)c(O)c(O)c2C(C)C)c(O)c3c(C=O)c(O)c4O,1
CC(OC(=O)OC1CCCCC1)OC(=O)C2=C3N(CC4=CC=C(C=C4)C5=CC=CC=C5C6=NN=N[NH]6)C(=O)NC3=CC=C2,1
[O-][S+](=O)(N1CCC2=C1C=CC(=C2)C(=O)NC3=CC(=CC=C3Cl)C(F)(F)F)C4=CC=CC=C4,1
COC1CCC(=C\C1)/C2=C(F)C=CC(=C2)C3=N[N](C4=NC(=CS4)C(O)=O)C(=C3CC5=CC=C(C(=C5)F)[S+](N)([O-])=O)CC6CC6,1
OS(=O)(=O)C1=CC(=C2C(NC(=O)C3=CC=C(NC(=O)C4=CC=C(NC(=O)NC5=CC=C(C=C5)C(=O)NC6=CC=C(C=C6)C(=O)NC7=C8C(=CC(=CC8=C(C=C7)S(O)(=O)=O)S(O)(=O)=O)S(O)(=O)=O)C=C4)C=C3)=CC=C(C2=C1)S(O)(=O)=O)S(O)(=O)=O,1
CO[C@H]1C[C@H](O[C@@H](C)[C@H]1O)O[C@H]\2[C@@H](C)\C=C\C=C\3CO[C@@H]4C\C(=C/[C@@H](C(=O)O[C@H]5C[C@@H](C/C=C2C)O[C@@]6(CC[C@H](C)[C@H](O6)C7CCCCC7)C5)[C@]34O)C,1
[O-][S+](=O)(NC1=CC(=CC=C1C(=O)NC2=NC(=CS2)C3=CC=CC(=C3)F)C(F)(F)F)C4=CC=CC=C4C(F)(F)F,1
CC1=C(Cl)C(=CC(=C1)OCCCC2=C([NH]C3=CC(=CC=C23)Cl)C(=O)N[S+]([O-])(=O)CCNC(=O)C4=CC=CC=C4C(F)(F)F)C,1
[Na+].[Na+].[O-]S(=O)(=O)c1cc(ccc1O)C3(OC(=O)c2c(Br)c(Br)c(Br)c(Br)c23)c4ccc(O)c(c4)S([O-])(=O)=O,1
CN[C@H]1C(=O)N[C@@H]2CC3=CC=C(OC4=CC5=CC(=C4O[C@@H]6O[C@@H]([C@@H](O)[C@H](O)[C@H]6NC(=O)CCCCCCCCC(C)C)C(O)=O)OC7=CC=C(C=C7Cl)[C@@H](O)[C@@H]8NC(=O)[C@H](NC(=O)[C@@H]5NC(=O)[C@@H](NC2=O)C9=C(Cl)C(=CC(=C9)OC%10=C(O)C=CC1=C%10)O)C%11=CC=C(O)C(=C%11)C%12=C(O[C@H]%13O[C@H](CO)[C@@H](O)[C@H](O)[C@@H]%13O)C=C(O)C=C%12[C@H](NC8=O)C(=O)NCCCN(C)C)C=C3,1
NCCC1=CC(O)=C(O)C=C1O,1
CC1=CC(=CC=C1OCC2=NN=N[NH]2)SCC3=C(C)N=C(S3)C4=C(C=C(Cl)C=C4)C(F)(F)F,1
COC(=O)C[C@H](NC(=O)[C@H](CCSC)NC(=O)[C@H](CCC(N)=O)NC(=O)[C@H](CC(=O)OC)NC(=O)OCC1=CC=CC=C1)C(=O)CF,1
CC(C)=CCCC\1(C)OC2=C(\C=C1)C(=C3C(=O)C/4=C/C5CC6C(C)(C)OC(C/C=C(C)/C(N)=O)(C5=O)C46OC3=C2CC=C(C)C)O,1
CO[C@@H]1C[C@@H](CC[C@H]1O)\C=C(/C)[C@H]2OC(=O)[C@@H]3CCCCN3C(=O)C(=O)[C@]4(O)O[C@@H]([C@H](C[C@H]4C)OC)[C@H](C[C@@H](C)C\C(C)=C\[C@@H](CCCSCCC(=O)NCCOCCOCCOCCN5N=NC6=C5C7=C(C=CC=C7)N(CC8=C6C=CC=C8)C(=O)CCNC(=O)C9=CC=C(C(=C9)C(O)=O)C%10=C%11C=CC(=[NH2+])C(=C%11OC%12=C(C(N)=CC=C%10%12)[S+](O)([O-])=O)S([O-])(=O)=O)C(=O)C[C@H](O)[C@H]2C)OC,1
CC1=CC(=CC=C1OCC(O)=O)SCC2=C(C)N=C(S2)C3=C(Cl)C=CC=C3Cl,1
CCCCCCCCCCCC(=O)OC[C@H](CO[P]([O-])(=O)OCC(O)CO)OC(=O)CCCCCCCCCCC,1
CC1=CC=C(C=C1NC(=S)NC(=O)C2=CC=C(COC3=CC=CC=C3)C=C2)C(O)=O,1
OC1=CC=C(O)C2=C1C(=O)\C(=C(Cl)/C2=O)Cl,1
O=C(O)c1cccc(c1)c4cccc(N\N=C2\C(=O)N(N=C2C)c3ccc(C)c(C)c3)c4O,1
CC1=CC(=CC=C1OCC(O)=O)SCC2=C(C)N=C(S2)C3=CC(=CC=C3Cl)Cl,1
O=C(O)Cc2cc(I)c(Oc1cc(I)c(O)cc1)c(I)c2,1
[Na+].[Na+].[O-]C(=O)c4ccccc4C=2c3cc(Br)c([O-])c(Br)c3OC=1C=2C=C(Br)C(=O)C=1Br,1
CC1=CC(=CC=C1OCC(O)=O)SCC2=C(C)N=C(S2)C3=CC(=CC=C3)C(F)(F)F,1
CN[S+]([O-])(=N)C1=CC=C(CC2=C(CC3CC3)[N](N=C2C4=CC(=C(F)C=C4)C5=CC(=CC=C5)F)C6=NC(=CS6)C(O)=O)C=C1F,1
CC1=C(O)C(=O)C=C2C1=CC=C3[C@@]2(C)CC[C@@]4(C)[C@@H]5C[C@@](C)(CC[C@]5(C)CC[C@]34C)C(O)=O,1
CCOC1=NC=C(C=C1)C2=CC=C(C[N]3C(=C(SC(C)(C)C)C4=CC(=CC=C34)OCC5=CC=C(C)C=N5)CC(C)(C)C([O-])=O)C=C2,1
COC1=CC(=CC=C1)[N]2N=C(C=C2C3=CC(=C(C=C3)C4CCCCC4)Cl)C(O)=O,1
CN1/N=C(\N=C/2C(=O)N(C)C(=O)/N=C12)C3=CC=C(C=C3)C(F)(F)F,1
COC1C(OC(=O)C2=CC=C(C)[NH]2)C(O)C(OC3=C(Cl)C4=C(C=C3)C(=O)\C(=C(\O)O4)NC(=O)C5=CC(=C(O)C=C5)CC=C(C)C)OC1(C)C,1
[Na+].[O-]S(=O)(=O)OCCCCCCCCCCCCCCCC,1
COC(=O)C1=CC=C(O)C2=NC3=C(N=C12)C(=CC(=C3C=O)O)O,1
CCCCCCCC\C=C\CCCCCCCCCC(O)=O,1
FC(F)(F)C1=CC(=CC(=C1)NC(=O)C2=C(N=C(Cl)N=C2)C(F)(F)F)C(F)(F)F,1
CC1CCC(=C\C1)/C2=C(F)C=CC(=C2)C3=N[N](C4=NC(=CS4)C(O)=O)C(=C3CC5=CC=C(C(=C5)F)[S+](N)([O-])=O)CC6CC6,1
CC(=O)[C@H]1CC[C@H]2[C@@H]3C\C=C4\C[C@H](CC[C@]4(C)[C@H]3CC[C@]12C)O[S+](O)([O-])=O,1
C[C@H](NC(=O)C1=CC2=C(C=C1)[N](CC3=CC=C(C=C3)C4=CC=CC=C4C(O)=O)C(=C2C)C)C5=CC=C(C=C5)[N+]([O-])=O,1
COC1=CC=C(CN2C(=O)NC(=O)\C(=C/C3=CC=CO3)C2=O)C=C1,1
O=C1CC(=O)N(CC2=CC=CO2)C(=O)N1,1
CC1(C2C1C(N(C2)C(=O)C(C(C)(C)C)NC(=O)C(F)(F)F)C(=O)NC(CC3CCNC3=O)C#N)C,1
OCCS\C1=C(/SCCO)C(=O)C2=C(C=CC=C2)C1=O,1
CC1=CC(=CC(=C1Cl)C)OCCCC2=C([NH]C3=C2C=CC(=C3C4=CC=CN=C4C)Cl)C(=O)N[S+]([O-])(=O)C5=CC=C(O5)C(=O)NCC6=CC(=CC=C6)C(F)(F)F,1
CC1=CC(=CC=C1OCC(O)=O)SCC2=C(C)N=C(S2)C3=CC=C(C=C3)C(F)(F)F,1
[O-][N+](=O)C1=CC=C(C=C1)C2=NO[N+](=C2C#N)[O-],1
CC(C)C[C@H](NC(=O)CNC(=O)OCC1=CC=CC=C1)C(=O)N[C@@H](CC2=CC=CC=C2)C(=O)CCl,1
CCCCCCCCCCCCCCCC(=O)O[C@H](CC(O)=O)C[N+](C)(C)C,1
[Na+].[Na+].[O-]c2c(Sc1cc(Cl)cc(Cl)c1[O-])cc(Cl)cc2Cl,1
CCCCCCCCCCCCCCCC[N+]1=C(C)[N](CC2=CC=CC=C2)C=C1,1
OC(=O)C1=CC=C(C=C1)N2C(=O)\C(=C\C3=CC=C(O3)C4=CC=C(C=C4)[N+]([O-])=O)C=C2C5=CC=CC=C5,1
[Cl-].COc1ccccc1C(=O)N(Cc2cccc[n+]2CC)C(=O)OC[C@@H](COC(=O)N3CCC(CC3)OC(=O)NCCCCCCCCCCCCCCCCCC)OC,1
OC(=O)C1=CC=C(C=C1)N2/N=C(CC3=CC=CC=C3)\C(=C/C4=CC=C(O4)C5=CC=CC=C5F)C2=O,1
CC(C)=CCCC\1(C)OC2=C(\C=C1)C(=C(CC=C(C)C)C3=C2C(=O)C/4=C/C5CC6C(C)(C)OC(C\C=C(C)\C(O)=O)(C5=O)[C@]46O3)OC(C)=O,1
[Na+].O=S([O-])(=O)c1ccc(CCCCCCCC)cc1,1
CCCCCCCOC1=C(C=C2C(=C1)[S+]([O-])(=O)CCC2(C)C)C(/C)=C/C3=CC=C(C=C3)C(O)=O,1
CC(C)CC(C(=O)NC(CC1CCNC1=O)C(O)S(=O)(=O)[O-])NC(=O)OCC2=CC=CC=C2.[Na+],1
CC(C)C1=C(O)C(O)=C(C=O)C2=C(O)C(=C(C)C=C12)C3=C(O)C4=C(C=O)C(O)=C(O)C(C(C)C)=C4C=C3C,1
CC1=CC=CC=C1C2=CC=C(COC3=CC=C4[N](CCC(O)=O)N=CC4=C3)C=C2,1
CC1(C)OC/2=C(\[C@H](NCC3=CC=CC=C3)[C@@H]1O)C(=O)C4=CC=CC=C4C2=O,1
OC(=O)C1=CC(=CC=C1Cl)C2=CC=C(O2)\C=C3/SC(=S)N(CC4=CC=CC=C4)C3=O,1
CC1=C(C(=CC(=C1)OCCC[S+](C)([O-])=O)C)C2=CC=CC(=C2)COC3=CC=C(C=C3)/C4=C/C(=O)N[S+]4[O-],1
CC1=C(C=C2C(=C1)C(C)(C)CCC2(C)C)C(=C)C3=CC=C(C=C3)C(O)=O,1
CCCCCCCCCCOC1=CC=C(OCC(=O)C[N]2C=C(C(=O)OC)C3=CC(=CC=C23)C(O)=O)C=C1,1
OC1=C(Br)C=C(C=C1Br)/C=C(C#N)/C2=N/C3=CC=CC=C3C(=O)N2,1
CN1\N=C(/N=C\2C(=O)N(C)C(=O)\N=C12)C3=CC=CN=C3,1
CC(/CC/C=C(C)/CCC(O)C(C)(C)O)=C\CC\C(C)=C\CC1(O)C(=O)C2=C(O)C=C(C)C3=C2C(=C(O)C(=C3O)C)C1=O,1
CC(C)=CCCC\1(C)OC2=C(CC=C(C)C)C3=C(C(=C2\C=C1)O)C(=O)C/4=C/CCC5C(C)(C)O[C@@](C\C=C(C)\C(O)=O)(C(O)=O)C45O3,1
COC1=CC=C(C=C1)C2=NC3=C(CC4=C(O3)C=CC=C4)C(SCC(=O)NC5=CC=C(C=C5)C(O)=O)=N2,1
OC(=O)COC1=CC=C(C=C1)C2=NC=CC3=C2C(=O)N(CC(COC4=CC=C(OC(F)(F)F)C=C4)O3)CC5=CC=CC(=C5)C(F)(F)F,1
CC(C)C1=C(OCC(=O)NC2=CC=C(C=C2)[S+]([O-])(=O)NC3=NOC(=C3)C)C=C(C)C(=C1)Br,1
CC1=CC=C(C=C1)C2=CC=C(COC3=CC=C4[N](CCC(O)=O)N=CC4=C3)C=C2,1
COC(=O)CC[C@H](NC(=O)[C@H](CC(=O)OC)NC(=O)OCC1=CC=CC=C1)C(=O)N[C@@H](C(C)C)C(=O)N[C@@H](CC(=O)OC)C(=O)CF,1
CC1=C(C(=CC(=C1)O[C@@H](CCC(F)(F)F)C2=CC=C(C=C2)C(=O)NCCC(O)=O)C)C3=CC=C(C=C3)C(C)(C)C,1
CC1=C(Cl)C(=CC(=C1)OCCCC2=C([NH]C(=C2C)C3=C(Cl)C(=CC=C3)Cl)C(=O)N[S+](C)([O-])=O)C,1
OC1=CC=C2C(=C1O)OCC\3(O)CC\4=C\C(=O)\C(=C/C4=C23)O,1
CN(C)C(=O)C1=C(NCCCOCCOCCOCCOCCOCCCNC(=O)C2=CC=C(C=C2)C3=C(F)C=CC(=C3)C4=N[N](C(=C4CC5=CC(=C(C=C5)[S+](N)([O-])=O)F)CC6CC6)C7=NC(=CS7)C(O)=O)C=C(C=C1)[N]8N=C(C)C9=C8CC(C)(C)CC9=O,1
[O-][N+]1=C(C#N)C(=NO1)C2=CC=CC(=C2)C3=NO[N+](=C3C#N)[O-],1
CC(C)CC(NC(=O)OCC1=CC=CC=C1)C(=O)NC(CC(C)C)C(=O)NC(CC2=CC=C(O)C=C2)C(=O)CF,1
CC1=CC(=CC=C1OCC(O)=O)SCC2=C(C)N=C(S2)C3=CC(=CC=C3)OC(F)(F)F,1
NC(=O)CC[C@@H]8C=2N=C(C(C)=C1[C@@H](CCC(N)=O)[C@](C)(CC(N)=O)[C@@](C)(N1[Co+]C#N)[C@@H]7N=C(C(C)=C3N=C(C=2)C(C)(C)[C@@H]3CCC(N)=O)[C@](C)(CCC(=O)NC[C@@H](C)OP([O-])(=O)O[C@@H]6[C@@H](CO)O[C@H](n5cnc4cc(C)c(C)cc45)[C@@H]6O)[C@H]7CC(N)=O)[C@@]8(C)CC(N)=O,1
OC1=CC2=C(C[C@@H](OC(=O)C3=CC(=C(O)C(=C3)O)O)[C@H](O2)C4=C(C(=C(O)C(=C4)O)O)C5=C(C=C(O)C(=C5O)O)[C@H]6OC7=C(C[C@H]6OC(=O)C8=CC(=C(O)C(=C8)O)O)C(=CC(=C7)O)O)C(=C1)O,1
N[S+]([O-])(=O)C1=C(F)C=C(CC2=C(CC3CC3)[N](N=C2C4=CC(=CC=C4)C(O)(C5CC5)C(F)(F)F)C6=NC(=CS6)C(O)=O)C=C1,1
N[S+]([O-])(=O)C1=CC=C(CC2=C(CC3CC3)[N](N=C2C4=CC(=C(F)C=C4)\C5=C\CC6(CC5)CC6)C7=NC(=CS7)C(O)=O)C=C1F,1
[Na+].[Na+].[Na+].[Na+].[Na+].[Na+].CC1=C(NC(=O)C2=CC=CC(NC(=O)NC3=CC(=CC=C3)C(=O)NC4=C(C)C=CC(=C4)C(=O)NC5=CC=C(C6=C5C(=CC(=C6)S([O-])(=O)=O)S([O-])(=O)=O)S([O-])(=O)=O)=C2)C=C(C=C1)C(=O)NC7=CC=C(C8=C7C(=CC(=C8)S([O-])(=O)=O)S([O-])(=O)=O)S([O-])(=O)=O,1
COC1=CC=C(C=C1OC)C2=N[N](C)C(=C2)[C@H]3CN4CC[C@H]3C[C@@H]4CN[S+]([O-])(=O)C5=CC=CS5,1
CN1C=C2C=C(C(=CC2=N1)Cl)NC3=NC(=O)N(C(=O)N3CC4=CC(=C(C=C4F)F)F)CC5=NN(C=N5)C,1
OC(=O)C1=CC=C(C=C1)N\2C(=O)C(=C\C3=CC=C(O3)C4=CC=C(C=C4)[N+]([O-])=O)\C=C2C5=CC=CC=C5,1
CCCCCCCCCCCCCC(=O)N[C@H](CO)[C@H](O)C1=CC=C(C=C1)[N+]([O-])=O,1
OC1=C(Br)C=C(C=C2C(=O)NC3=C2C=C(I)C=C3)C=C1Br,1
[O-]S(=O)(=O)C1=C(C=CC(=C1)N=C=S)\C=C\C2=C(C=C(C=C2)N=C=S)S([O-])(=O)=O,1
OC1=CC(=C2CC(OC(=O)C3=CC(=C(O)C(=C3)O)O)C(OC2=C1)C/4=C/C5=C(C=C(O)C(=C5C(=O)/C(=C4)O)O)C6OC7=CC(=CC(=C7CC6OC(=O)C8=CC(=C(O)C(=C8)O)O)O)O)O,1
CCN1\N=C(/N=C\2C(=O)N(C)C(=O)\N=C12)C3=CC=C(C)C=C3,1
CC1=C(C)C=C(N[S+]([O-])(=O)C2=CC3=C(NC(C4C\C=C/C34)C5=CC=C(C=C5)C(O)=O)C=C2)C=C1,1
CCN(CC)CC1=C(O)C=CC(=C1)NC2=C3C=CC(=CC3=NC=C2)Cl,1
COCC[N]1C(=[N+](CC2=NC=CN=C2)C3=C1C(=O)C4=CC=CC=C4C3=O)C,1
Clc2c(Cc1c(O)c(Cl)cc(Cl)c1Cl)c(O)c(Cl)cc2Cl,1
OC1=C(C(=C(Cl)C=C1Cl)Cl)[S+]([O-])(=O)C2=C(O)C(=CC(=C2Cl)Cl)Cl,1
OC(=O)C1=CC=CC=C1NC(=O)/C(=C/C2=CC=C(O2)C3=CC(=CC=C3Cl)Cl)C#N,1
OC1=CC=C(C=C1)\C2=C\C(=O)C3=C(O2)C(=C(O)C=C3O)\C4=C(\OC5=C(C(=CC(=C5)O)O)C4=O)C6=CC=C(O)C=C6,1
[H][C@]12[C@]3([H])C=C(CO)C[C@]4(O)C(=O)C(C)=C[C@@]4([H])[C@@]3(O)[C@H](C)[C@@H](OC(=O)CCCCCCCCCCCCC)[C@@]1(OC(C)=O)C2(C)C,1
CC1=CC(=CC=C1OCC(O)=O)SCC2=C(C)N=C(S2)C3=CC=C(C(=C3)F)C(F)(F)F,1
CC1=CC=C(NC(=O)CN2C(=O)S\C(=C\C3=CC=C(O3)C4=CC(=CC=C4C)C(O)=O)C2=O)C=C1C,1
CC/1=C(/C(NC(=O)N1CCCCCC(O)=O)C2=CC=C(C=C2)C3=CC=CC=C3)C(=O)OCC4=CC=CC=C4,1
CCCCCCCCCC(=O)N[C@H](CCCNC(N)=N)C(=O)N[C@H](C(C)C)C(=O)N[C@H](CCCCN)C(=O)N[C@@H](CCCNC(N)=N)C(=O)CCl,1
CC1=C(CSC2=CC(C)=C(OC(C)(C)C(O)=O)C=C2)SC(=N1)C3=C(F)C=C(C=C3)C(F)(F)F,1
O=C1C2=CC=CC=C2[N+]3=C1C4=C(C=C3)C5=CC=CC=C5[NH]4,1
ClC1=C(NCCN2CCOCC2)C(=O)C3=C(C=CC=N3)C1=O,1
CC(C)C[C@H](NC(=O)OCC1=CC=CC=C1)C(=O)N[C@@H](CC2CCNC2=O)C(O)S([O-])(=O)=O,1
CCOC1=C(OCC)C=C(CCNC(=O)C2=CC3=C(C=CS3)[N]2CC4=CC=CC(=C4)C5=N[N](CCOCCOCCNC(=O)C6=C(C(=CC=C6)C(O)=O)C/7=C/8\C=C/C(=O)/C=C8OC9=CC(=CC=C79)O)N=N5)C=C1,1
CC(=O)OC1=C(OC(C)=O)C2=NON=C2C=C1,1
CCCCC1CCC(CCCC(C)CCC(O)=O)CC1,1
CCCCCC\C=C\CCCCCCCCCC(O)=O,1
CC(C)CC(C(=O)NC(CC1CCNC1=O)C(=O)CO)NC(=O)C2=CC3=C(N2)C=CC=C3OC,1
CCOC(=O)C1=CC=C(NC(=O)C2CC3=CC=CC=C3C(=O)O2)C=C1,1
CC(C)C[C@H](NC(=O)[C@H](CC(C)C)NC(=O)[C@H](CC(C)C)NC(=O)OCC1=CC=CC=C1)C=O,1
C[N]1C(=CC2=C1C(=O)N(C(=O)N2CC(=O)NC3=CC=CC=C3F)C4=CC=C(F)C=C4)C,1
CC1=CC(=CC=C1OCC(O)=O)SCC2=C(C)N=C(S2)C3=CC=C(F)C(=C3)C(F)(F)F,1
CCCCCCCCC#CCCCCCCCC(O)=O,1
C[C@H](NC(=O)[C@H](CC1=CC=CC=C1)NC(=O)OCC2=CC=CC=C2)C(=O)CF,1
Cl[Hg]c1ccc(O)cc1,1
CC1=CC(=CC=C1OCC(O)=O)SCC2=C(C)N=C(S2)C3=CC(=C(Cl)C=C3)F,1
CC1=CC(=CC=C1OCC(O)=O)OCC2=C(C)N=C(S2)C3=CC(=C(C=C3)C(F)(F)F)F,1
COC1=CC=C(C(=C1)Cl)C2=CC=C(COC3=CC=C4[N](CCC(O)=O)N=CC4=C3)C=C2,1
CC1=CC=C(C)[N]1C2=CC=CC(=C2)C(O)=O,1
O=C(CCCCCCC/C=C\CCCCCCCC)N(C)CC(=O)O,1
CC1=CC(=CC(=C1Cl)C)OCCCC2=C([NH]C(=C2C)C3=CC=CC=C3CO)C(O)=O,1
OC[C@H]1O[C@@H](OC2=CC=CC3=C2C(=O)C4=C(C=C(C=C4O)C(O)=O)[C@@H]3[C@@H]5C6=C(C(=O)C7=C5C=C(C=C7O)C(O)=O)C(=CC=C6)O[C@@H]8O[C@H](CO)[C@@H](O)[C@H](O)[C@H]8O)[C@H](O)[C@@H](O)[C@@H]1O,1
CN1C=NN=C2C(=O)N(C)C(=O)N=C12,1
N[S+]([O-])(=O)C1=CC=C(CC2=C(CC3CC3)[N](N=C2C4=CC(=C(F)C=C4)\C5=C\CC(CC5)C(F)(F)F)C6=NC(=CS6)C(O)=O)C=C1F,1
ClC/1=C(NCCN2CCOCC2)/C(=O)C3=C(C=CC=N3)C1=O,1
C[C@H](CNC(=O)CC[C@]\1(C)[C@@H](CC(N)=O)[C@H]2N([Co+]C[C@H]3O[C@@H]([C@@H](O)[C@H]3O)[N]4C=NC5=C4N=CN=C5N)C1=C(C)\C6=N\C(=C/C7=N/C(=C(C)\C8=N\[C@]2(C)[C@@](C)(CC(N)=O)[C@@H]8CCC(N)=O)[C@@](C)(CC(N)=O)[C@@H]7CCC(N)=O)C(C)(C)[C@@H]6CCC(N)=O)O[P]([O-])(=O)O[C@H]9[C@@H](O)[C@H](O[C@@H]9CO)[N]%10C=NC%11=C%10C=C(C)C(=C%11)C,1
OC(=O)C1=CC=C(NC(=O)CSC2=NC(=NC3=C2CC4=CC=CC=C4O3)C5=CC=C(F)C=C5)C=C1,1
CC(N1C(=S)S\C(=C/C=C/C2=CC=CO2)C1=O)C(O)=O,1
O=C(O)C(CCCCCCCCCCCCCCCC)C(O)(CC(=O)O)C(=O)O,1
CN1\N=C(/N=C\2C(=O)N(C)C(=O)\N=C12)C3=CC=C(C)C=C3,1
CCCCCCCCCCCCCCCC1=C(C(O)=O)C(=CC=C1)O,1
COC1=C(NC(=O)CSC\2=N\C(=C(C#N)/C(=O)N2)C3=CC=C(C=C3)C(C)(C)C)C=CC=C1,1
COC1=CC2=C(C=C1)C=C(C=C2)C3=CC(=N[N]3C(C)C4=CC=C(C=C4)C(=O)NCCC(O)=O)C5=CC(=CC(=C5)Cl)Cl,1
O=C(C[N]1N=NC2=C1C=CC=C2)N(CC3=CSC=C3)C4=CC=C(NC(=O)C5CC5)C=C4,1
CN1CC(O)C2=CC(=O)C(=O)C=C12,1
COC1=CC=C(C)C=C1C2=CC=C(COC3=CC=C4[N](CCC(O)=O)N=CC4=C3)C=C2,1
CC1=CC2=C(C=C1C(=C)C3=CC=C(C(O)=O)C(=C3)F)C(C)(C)CCC2(C)C,1
CC1=C(CCC(O)=O)C(=C([NH]1)\C=C2/C(=O)NC3=CC(=CC=C23)C4=CC=CC=C4)C,1
CC1=C(C(=N[NH]1)C)C2=C3[NH]C(=C(CCCOC4=CC(=C(Cl)C(=C4)C)C)C3=CC=C2)C(=O)NCC5=CC=CC(=C5)C(=O)N[S+]([O-])(=O)C6=C(C=CC=C6)C#N,1
CN1\N=C(/N=C\2C(=O)N(C)C(=O)\N=C12)C3=CC=NC=C3,1
[H][C@@]1(C[C@](C)(NCC2=CC=C(C=C2)C3=CC=C(Cl)C=C3)[C@@H](O)[C@H](C)O1)O[C@@H]4[C@@H](O)[C@H](O)[C@@H](CO)O[C@H]4OC5=C6OC7=CC=C(C=C7Cl)[C@@H](O)[C@@H](NC(=O)[C@@H](CC(C)C)NC)C(=O)N[C@@H](CC(N)=O)C(=O)N[C@]8([H])C(C=C5OC9=CC=C(C=C9Cl)[C@@H](O[C@@]%10([H])C[C@](C)(N)[C@@H](O)[C@H](C)O%10)[C@]%11([H])NC(=O)[C@]([H])(NC8=O)C%12=CC(=C(O)C=C%12)C%13=C(C=C(O)C=C%13O)[C@]([H])(NC%11=O)C(O)=O)=C6,1
CN1\N=C(/N=C\2C(=O)N(C)C(=O)\N=C12)C3=CC=CC=C3,1
CC1=CC(=CC=C1OCC(O)=O)SCC2=C(C)N=C(S2)C3=CC(=C(Cl)C=C3)Cl,1
CC1=CN=C(C=N1)C(=O)N[C@H]2CCCCC\C=C/[C@@H]3C[C@]3(NC(=O)[C@@H]4C[C@H](CN4C2=O)OC5=NC6=C(C=CC=C6)C7=C5C=CC=C7)C(=O)N[S+]([O-])(=O)C8CC8,1
O=S(=O)(O)c1cc(cc2c1c(ccc2S(=O)(=O)O)NC(=O)c8cc(NC(=O)c3cc(ccc3)NC(=O)Nc4cccc(c4)C(=O)Nc5cc(ccc5C)C(=O)Nc7ccc(c6cc(cc(c67)S(=O)(=O)O)S(=O)(=O)O)S(=O)(=O)O)c(C)cc8)S(=O)(=O)O,1
CC1=N[N](C2=CC=C(C=C2)[S+](O)([O-])=O)C3=C1\N=[N+]4/[Cu-4](OC5=C4C=CC(=C5)C6=CC7=C(C=C6)\N=[N+]8/[Cu-4](O7)OC9=C%10C(=C(C=C(C%10=CC=C89)[S+](O)([O-])=O)[S+](O)([O-])=O)N)O3,1
[O-]C(=O)c1ccccc1.CO[C@H]1C[C@@H](O[C@@H](C)[C@@H]1[NH2+]C)O[C@@H]2[C@@H](OC)C[C@@H](O[C@H]2C)O[C@@H]3C(C)=CC[C@@H]6C[C@H](OC(=O)[C@@H]4C=C(C)[C@@H](O)[C@H]5OCC(=CC=C[C@@H]3C)[C@@]45O)C[C@@]7(O6)C=C[C@H](C)[C@H](O7)[C@@H](C)CC,1
CC1=CC(=CC(=C1Cl)C)OCCCC2=C([NH]C3=C2C=CC(=C3C4=CC=CN=C4C)Cl)C(=O)N[S+]([O-])(=O)CCNC(=O)C5=CC=CC=C5C(F)(F)F,1
CO[C@@H]1C[C@@H](CC[C@H]1O)\C=C(/C)[C@H]2OC(=O)[C@@H]3CCCCN3C(=O)C(=O)[C@]4(O)O[C@@H]([C@H](C[C@H]4C)OC)[C@H](C[C@@H](C)C\C(C)=C\[C@@H](CCCSCCC(=O)NCCOCCOCCOCCN5N=NC6=C5C7=C(C=CC=C7)N(CC8=C6C=CC=C8)C(=O)CCNC(=O)C9=CC=C(C(=C9)C(O)=O)C%10=C%11C=C%12C(C[S+](O)([O-])=O)=CC(C)(C)N=C%12C=C%11OC%13=CC%14=C(C=C%10%13)C(C[S+](O)([O-])=O)=CC(C)(C)N%14)C(=O)C[C@H](O)[C@H]2C)OC,1
[Co++].[O-]N=O.[H][C@]12[N-]C(=C(C)C3=NC(=CC4=NC(=C(C)C5=N[C@]1(C)[C@@](C)(CC(N)=O)[C@@H]5CCC(N)=O)[C@@](C)(CC(N)=O)[C@@H]4CCC(N)=O)C(C)(C)[C@@H]3CCC(N)=O)[C@](C)(CCC(=O)NC[C@@H](C)OP([O-])(=O)O[C@@H]6[C@@H](CO)O[C@@H]([C@@H]6O)N7C=NC8=C7C=C(C)C(C)=C8)[C@H]2CC(N)=O,1
OC1=C(Br)C=C(\C=C2/C(=O)NC3=CC=C(C=C23)C4=CC=CC=C4)C=C1Br,1
[Na+].[Na+].[O-]C(=O)c4ccccc4C=2c3cc(I)c([O-])c(I)c3OC=1C=2C=C(I)C(=O)C=1I,1
ClCC(=O)c1ccc(cc1)Oc2ccc(cc2)C(=O)CCl,1
CCCCCCCC\C=C/CCCCCCCC(=O)OCC(C[N+](C)(C)C)OC(=O)CCCCCCC\C=C/CCCCCCCC,1
CCC1=C(C2=CC=CC=C2)C(=N[N]1C3=CC=CC=C3C4=CC=CC(=C4)OCC(O)=O)C5=CC=CC=C5,1
COC1=CC=C(C=C1)C(=O)[N]2C(=C(CC3=CC(=CC=C3)O[C@@H](C)C(O)=O)C4=CC(=CC=C24)OC(F)(F)F)C,1
CC1=CC2=C(C=C(N=C2C(=C1)C)C3=NC=CC=C3)C(=O)NC4=CC=C(C=C4)[S+]([O-])(=O)NC5=C(C)C(=NO5)C,1
C[N]1N=C(C)C(=C1C)C2=C3[N](CC(=O)NCC4=CC=C(O4)C(O)=O)C(=C(CCCOC5=CC(=C(Cl)C(=C5)C)C)C3=CC=C2Cl)C(F)(F)F,1
CC1=CC(=CC=C1OCC(O)=O)SCC2=C(C)N=C(S2)C3=CC(=CC(=C3)C(F)(F)F)C(F)(F)F,1
ClC1=CC=C(C=C1)C(C2=CC=C(Cl)C=C2)[N+]3=C[N](CC(OCC4=C(Cl)C=C(Cl)C=C4)C5=C(Cl)C=C(Cl)C=C5)C=C3,1
Ic2cc(Oc1ccc(C[C@H](N)C(=O)O)cc1I)cc(I)c2O,1
CCCCCCCCCCCCCCCCCC(=O)NCCCC[C@H](NC(=O)CC[C@@H](NC(=O)[C@H](C)NC(=O)[C@@H](C)O[C@H]1[C@H](O)[C@@H](CO)OC(O)[C@@H]1NC(C)=O)C(N)=O)C(O)=O,1
CC1=CC(=CC=C1OCC(O)=O)SCC2=C(C)N=C(S2)C3=CC=C(C=C3)C(F)(F)F,1
[H][C@@]1(C2=CC(=CC(O)=C2C(=O)C3=C1C=CC=C3O[C@@H]4OC(CO)C(O)C(O)C4O)C(O)=O)[C@@]5([H])C6=CC(=CC(O)=C6C(=O)C7=C5C=CC=C7O[C@@H]8OC(CO)C(O)C(O)C8O)C(O)=O,1
CC(C)=CCCC\1(C)OC2=C(CC=C(C)C)C3=C(C(=C2\C=C1)O)C(=O)C/4=C/C5CC6C(C)(C)OC(C\C=C(C)/C(O)=O)(C5O)C46O3,1
N\C1=C\C(=O)C2=C(N=C(C=C2)C3=NC(=CC=C3)C(O)=O)C1=O,1
CC1=CC(=CC=C1OCC(O)=O)SCC2=C(C)N=C(S2)C3=C(Cl)C(=CC=C3)Cl,1
CC(CNC(=O)CCC1(C)C(CC(N)=O)C2N([Co+]OC(C)=O)C1=C(C)C3=NC(=CC4=NC(=C(C)C5=NC2(C)C(C)(CC(N)=O)C5CCC(N)=O)C(C)(CC(N)=O)C4CCC(N)=O)C(C)(C)C3CCC(N)=O)OP([O-])(=O)O[C@@H]6[C@@H](CO)O[C@@H]([C@@H]6O)N7C=NC8=C7C=C(C)C(C)=C8,1
OC(=O)CCCN1C(=S)S\C(=C\C2=CC=C(O2)C3=CC=C(C=C3Cl)[N+]([O-])=O)C1=O,1
CC1=CC(=CC=C1OCC(O)=O)SCC2=C(C)N=C(S2)C3=CC=C(F)C(=C3F)F,1
CC1(C)CC\C2=C(/O1)C3=C(C=CC=C3)C(=O)C2=O,1
CC(C)C1=C(O)C(=C(C)C(=C1)C2(O[S+]([O-])(=O)C3=CC=CC=C23)C4=CC(=C(O)C(=C4C)Br)C(C)C)Br,1
CC1=C(N=C(NC(=O)CC2=CC=CC(=C2)OCCOCCOCCNC(=O)C3=CC=C(C(O)=O)C(=C3)/C4=C/5\C=C/C(=O)/C=C5OC6=C4C=CC(=C6)O)S1)C7=CC=C8N(CCC8=C7)C(=O)C9=CC=CC=C9C.CC%10=C(N=C(NC(=O)CC%11=CC=CC(=C%11)OCCOCCOCCNC(=O)C%12=C(C(=CC=C%12)C(O)=O)/C%13=C/%14\C=C/C(=O)/C=C%14OC%15=C%13C=CC(=C%15)O)S%10)C%16=CC=C%17N(CCC%17=C%16)C(=O)C%18=CC=CC=C%18C,1
CCCCCC\C=C/CCCCCCCC1=C(O)C(=CC=C1)O,1
CC1=CC(=CC=C1OCC(O)=O)SCC2=C(C)N=C(S2)C3=CC(=C(OC(F)(F)F)C=C3)F,1
CNC(=O)C1N(CC/2=C/C(C)(C)COC3=CC=C(OC)C1=C23)C(C)=O,1
O=C(O)Cc2cc(I)c(Oc1cc(I)c(O)c(I)c1)c(I)c2,1
CCCCC(CC)CCC(CC(C)C)O[S]([O-])(=O)=O,1
Brc1cc(cc(Br)c1O)C3(OS(=O)(=O)c2ccccc23)c4cc(Br)c(O)c(Br)c4,1
CCOC1=CC=C(NC2=CC=C(C=C2)C(/C3=C(C)C=C(C=C3)N(CC)CC4=CC(=CC=C4)[S]([O-])(=O)=O)=C\5/C=C\C(\C=C5C)=[N+](/CC)CC6=CC(=CC=C6)[S]([O-])(=O)=O)C=C1,1
CN1\N=C(/N=C\2C(=O)N(C)C(=O)\N=C12)C3=CC=CC=C3C,1
[Na+].CC=1C(\C=C(Br)C(=O)C=1Br)=C(/c2cc(Br)c(O)c(Br)c2C)c3ccccc3S([O-])(=O)=O,1
CC(C)C[C@H](NC(=O)[C@H](CC1=CC=CC=C1)NC(=O)OCC2=CC=CC=C2)C(=O)C=O,1
CCC(C)C1NC2\C=C/C3=C(N=C(C=C3C(C)O)C(=O)OC(C)C4NC(=O)C5=CSC(=N5)C(NC(=O)C\6CSC(=N6)\C(NC(=O)C(NC(=O)C7=CSC(=N7)C8(CC\C(=N/C8C9=CSC4=N9)C%10=NC(=CS%10)C(=O)NC(=C)C(=O)NC(=C)C(N)=O)NC(=O)C(C)NC(=O)C(=C)NC(=O)C(C)NC1=O)C(C)O)=C/C)C(C)(O)C(C)O)C2O,1
Brc4c5Oc1c(Br)c(O)c(Br)cc1C3(OC(=O)c2ccccc23)c5cc(Br)c4O,1
NC1=C2C=CC=CC2=C(C=C1/N=N/C3=CC=C(C=C3)C4=CC=C(C=C4)/N=N/C5=C(N)C6=C(C=CC=C6)C(=C5)[S]([O-])(=O)=O)[S]([O-])(=O)=O,1
[Cl-].CCCCCCCCCC[n+]1ccn(CCCCCCCCCC)c1C,1
Brc1c(O)c(Br)c(Br)c(Br)c1Br,1
OC(=O)CC[N]1N=CC2=CC(=CC=C12)OCC3=CC=C(C=C3)C4=CC=NC=C4,1
[Na+].[O-]S(=O)(=O)OCCCCCCCCCCCCC,1
Ic4c5Oc1c(I)c(O)c(I)cc1C3(OC(=O)c2ccccc23)c5cc(I)c4O,1
COC1=C(NC(=O)CC2=C(NC3=C2C=C(Cl)C=C3)C(O)=O)C=CC=C1,1
CC1=CC(=CC=C1OCC(O)=O)SCC2=C(C)N=C(S2)C3=CC=C(C=C3Cl)C(F)(F)F,1
CC1=C(Cl)C(=CC(=C1)OCCCC2=C([NH]C(=C2C)C3=C(Cl)C(=CC=C3)Cl)C(=O)N[S+]([O-])(=O)C4=CC=C(O4)C(O)=O)C,1
CC1=CC(=CC(=C1Cl)C)OCCCC2=C([NH]C3=C(C=CC=C23)C4=CC=CN=C4C)C(=O)N[S+]([O-])(=O)C5=CC=CC=C5[N+]([O-])=O,1
FC1=CC=C(CN2C(=O)NC(=O)\C(=C\C3=COC=C3)C2=O)C=C1,1
CC(C)=CCCC\1(C)OC2=C(\C=C1)C(=C3C(=O)C/4=C/C5CC6C(C)(C)OC(C/C=C(C)/C(N)=O)(C5=O)C46OC3=C2CC=C(C)C)O,1
COC1=CC(=CC=C1F)CN2C[C@@H](CO)[C@@H](C2)C3=CC=NC=C3,1
CC#C[C@@H](CC(O)=O)C1=CC=C(OCC2=CC(=CC=C2)C3=CC=C(C=C3)C(F)(F)F)C=C1,1
CCCCCCCCCCCCCCCCOC[C@H](CO[P]([O-])(=O)OCCCCCC[N+](C)(C)C)OC(C)=O,1
CC1=CC(=CC(=C1Cl)C)OCCCC2=C([NH]C(=C2C)C3=C(C)C=CC=C3)C(O)=O,1
OC1=CC=C(C=C1)\C2=C\C(=O)C3=C(O2)C(=C(O)C=C3O)C4=C(O)C=CC(=C4)\C5=C\C(=O)C6=C(O5)C=C(O)C=C6O,1
CCCCCC/C=C/C=C\CCCCCCCC(O)=O,1
CC1=CC(=CC=C1OCC(O)=O)SCC2=C(C)N=C(S2)C3=CC=C(OC(F)(F)F)C=C3,1
CCCCCCCC1=CC=C(CCC2=CC=CC(=C2C(O)=O)O)C=C1,1
CC1CCN(CC1)C/2=N/C(=C\C(=O)N2CC(=O)NC3=CC(=CC(=C3)C)C)C,1
CC(C)(C)NC(=O)N[C@H](C(=O)N1C[C@H]2[C@@H]([C@H]1C(=O)NC(CC3CCC3)C(=O)C(N)=O)C2(C)C)C(C)(C)C,1
COC(=O)CC[C@@H](CC(=O)[C@H](CC(=O)OC)NC(=O)OCC1=CC=CC=C1)C(=O)N[C@@H](C(C)C)C(=O)N[C@@H](CC(=O)OC)C(=O)CF,1
C/C(C)=C\COc1ccc(cc1)/C=C/C(=O)c2ccc(cc2OCC(=O)O)OC\C=C(/C)C,1
CC1=CC(=CC(=C1C2=CC=CC(=C2)COC3=CC=C4[C@@H](COC4=C3)CC(O)=O)C)OCCC[S+](C)([O-])=O,1
OC1=C(C=CC=C1)C2=CC=C(C=C2)C3=CSC4=C3C(=C(/C#N)C(=O)N4)/O,1
CC1=CC=C(NC(=O)CN2C(=O)S\C(=C/C3=CC=CN3C4=CC=CC(=C4)C(O)=O)C2=O)C(C)=C1,1
COC1=CC=CC=C1OCCSC2=NC(=NC3=CC(=O)NN23)C4=CC=C(C=C4)C(C)(C)C,1
CC(C)=CCC1=CC=CC2=C1[NH]C=C2\C3=C(O)\C(=O)C(=C(O)/C3=O)\C4=C([NH]C5=C4C=CC=C5)C(C)(C)C=C,1
CC1=C(Cl)C(=CC(=C1)OCCCC2=C([NH]C(=C2C)C3=CC(=CC=C3)C(F)(F)F)C(O)=O)C,1
C[C@@H]1O[C@@H](O\C2=C(\OC3=CC(=CC(=C3C2=O)O)O)C4=CC(=C(O)C(=C4)O)O)[C@H](OC(=O)C5=CC(=C(O)C(=C5)O)O)[C@H](O)[C@H]1O,1
CC(=O)[C@H]1CCC2C3C\C=C/4C[C@H](CC[C@]4(C)C3CC[C@]12C)O[S]([O-])(=O)=O,1
O=C2c1ccccc1C(=O)c3c2c(O)cc(O)c3O,1
COC1=CC=C(CN[C@H]2[C@H](O)[C@H](O)C[C@@H]2C3=CC=C(C=C3)C(F)(F)F)C=C1,1
CCCCCCCCCCCCCCCCCC(=O)OCC(CO)OC(=O)CCC\C=C/C/C=C\C\C=C/C/C=C\CCCCC,1
CC1=C(C=NC=C1)C2=C3[N](CCC(O)=O)C(=C(CCCOC4=CC(=C(Cl)C(=C4)C)C)C3=CC=C2)C,1
OC(=O)C(=O)C1=C[N](CC2=CC=CC=C2)C3=CC=C(C=C13)C4=CC=C(OC(F)(F)F)C=C4,1
OC(=O)C1=CC(=CC=C1)NC(=O)CSC2=NC(=NC3=C2CC4=C(O3)C=CC=C4)C5=CC=C(F)C=C5,1
CC1(C)CCC(=C(\C1)C2=CC=C(Cl)C=C2)/CN3CCN(CC3)C4=CC(=C(C=C4)C(=O)N[S+]([O-])(=O)C5=CC=C(NCC6CCOCC6)C(=C5)[N+]([O-])=O)OC7=CN=C8[NH]C=CC8=C7,1
N[S+]([O-])(=O)C1=CC=C(CC2=C(CC3CC3)[N](N=C2C4=CC(=C(F)C=C4)\C5=C\CN(CC5)C(=O)C6CC6)C7=NC(=CS7)C(O)=O)C=C1F,1
CC[N]1C(=NN=C1C2=CC=CC(=C2)OC(F)(F)F)SCC(=O)C3=CC=CN=C3,1
CC1=CC(=CC=C1OCC(O)=O)SCC2=C(C)N=C(S2)C3=CC(=C(OC(F)(F)F)C=C3)Cl,1
CC1=CC=C(OCCSC/2=N/C(=N\C3=C\C(=O)NN23)C4=CC=CC=C4C)C=C1Cl,1
[O-][S](=O)(=O)C1=CC(=C2C(=CC=C(C2=C1)[S]([O-])(=O)=O)NC(=O)C3=CC=CC(=C3)NC(=O)NC4=CC=CC(=C4)C(=O)NC5=CC=C(C6=CC(=CC(=C56)[S]([O-])(=O)=O)[S]([O-])(=O)=O)[S]([O-])(=O)=O)[S]([O-])(=O)=O,1
CC(C)=CCC\C(C)=C\CC\C(C)=C\CSC1=C(C=CC=C1)C(O)=O,1
CC(C)(SC1=CC=C(CCN(CCCCC2CCCCC2)C(=O)NC3CCCCC3)C=C1)C(O)=O,1
CC1=CC(=CC=C1OCC2=NN=N[NH]2)SCC3=C(C)N=C(S3)C4=CC(=CC(=C4)Cl)Cl,1
CCCC(NC(=O)C(CC(C)C)NC(=O)C(CC(C)C)NC(=O)OCC1=CC=CC=C1)C=O,1
CN(CC(=O)N(CC1=CC=C(C=C1)C2CCCCC2)C3=CC=C(C=C3)C(O)=O)[S+]([O-])(=O)C4=C(F)C(=C(F)C(=C4F)F)F,1
CC1=CC(=CC=C1OCC(O)=O)SCC2=C(C)N=C(S2)C3=CC(=CC(=C3)C(F)(F)F)Cl,1
CCCCCCCC\C=C/CCCCCCCC(=O)OC[C@@H](O)CO[P]([O-])(=O)OCC[N+](C)(C)C,1
CC1(C)CC\C2=C(/O1)C3=C(C=CC=C3)C(=O)C2=O,1
OC1=C(Br)C2=C(C=C1Br)C3(OC(=O)C4=C3C(=C(Cl)C(=C4Cl)Cl)Cl)C5=C(O2)C(=C(O)C(=C5)Br)Br,1
C[N]1C(=CC2=C1C(=O)N(C(=O)N2CC(=O)NC3=CC=CC=C3F)C4=CC=CC=C4)C,1
COC1=CC(=CC=C1/N=N/C2=C(O)C3=C(C=C2)C(=CC(=C3N)[S]([O-])(=O)=O)[S]([O-])(=O)=O)C4=CC(=C(C=C4)\N=N\C5=C(O)C6=C(N)C(=CC(=C6C=C5)[S]([O-])(=O)=O)[S]([O-])(=O)=O)OC,1
CCOC1=C(OCC(O)=O)C(I)=CC(\C=C2\C(=C)NN(C2=O)C3=CC=C(C=C3)[N+]([O-])=O)=C1,1
OC(=O)C[C@H]1CCC2=C1[NH]C3=CC=C(OCC4=CC=C(C5CCCC5)C(=C4)C(F)(F)F)C=C23,1
CCCCCCCCCCCCCCC(C(O)=O)C(O)(CC(=O)OC)C(O)=O,1
CC1=C(C(=N[NH]1)C)C2=C3[N](CC4=CC=C(O4)C(O)=O)C(=C(CCCOC5=CC(=C(Cl)C(=C5)C)C)C3=CC=C2)C,1
C[C@H]1OC(C[C@H]2O[C@H]3CC(=O)[C@H](C)O[C@H]3O[C@H]12)C4=C(O)C5=C(C=C4)C(=O)C6=C(C=CC(=C6O)C[C@@](C)(O)CC(O)=O)C5=O,1
COC1=C(OC)C(=C(C=C1)C2=C(N)C(=NC(=C2C)C(O)=O)C3=NC4=C(C=C3)C(=O)\C(=C(\N)C4=O)OC)O,1
CCCCCCCCCCCC(=O)OC[C@H](CO[P](O)([O-])=O)OC(=O)CCCCCCCCCCC,1
C[N]1N=C(C)C(=C1C)C2=C3[N](CC(=O)N4CCC5CC45C(O)=O)C(=C(CCCOC6=CC(=C(Cl)C(=C6)C)C)C3=CC=C2Cl)C(F)(F)F,1
CC1=C(CSC2=CC(=C(OCC(O)=O)C=C2)C)SC(=C1)C3=CC=C(C=C3)C(F)(F)F,1
OC(=O)CC1=CC=CC(=C1)OCCCN(CC(C2=CC=CC=C2)C3=CC=CC=C3)CC4=CC=CC(=C4Cl)C(F)(F)F,1
[Na+].[O-]S(=O)(=O)OCCCCCCCCCCCCCCCCCC,1
COC1=CC(=C2C(=O)OC3=C(C)C(=C4C(=O)OC(O)C4=C3OC2=C1C=O)O)C,1
COC1=CC=C(CC2=CC=C(NC(N)=O)C=C2)C=C1C3=CC=CC(=C3)Cl,1
CCCCCCCCCCCCCCSCC(O)=O,1
CC1=C(C(=N[NH]1)C)C2=C3[NH]C(=C(CCCOC4=CC(=C(Cl)C(=C4)C)C)C3=CC=C2)C(=O)N[S+]([O-])(=O)C5=CC=CC(=C5)CNC(=O)C6=CC=C(C=C6)C(F)(F)F,1
CCCCC\C=C/C\C=C/C\C=C/CCCCCCC(O)=O,1
OC(=O)C1=CC(=CC=C1)N2C=CC=C2\C=C3\SC(=O)N(CC4=CC=CC=C4C#N)C3=O,1
OC1=C2O[C@H]3C4=C(C[C@@]5(O)[C@H]6CC(=C2[C@@]35CCN6CC7CC7)C=C1)C8=C([NH]4)C(=CC=C8)N=C=S,1
CC1=CC(=CC=C1OCC(O)=O)SCC2=C(C)N=C(S2)C3=C(C=C(Cl)C=C3)C(F)(F)F,1
N[S+]([O-])(=O)C1=C2C(=O)C3=C(C(=CC=C3)O)C(=O)C2=CC=C1,1
OC1=C(O)C(=CC(=C1)C(=O)OC[C@H]2O[C@@H](OC(=O)C3=CC(=C(O)C(=C3)O)O)[C@H](OC(=O)C4=CC(=C(O)C(=C4)O)O)[C@@H](OC(=O)C5=CC(=C(O)C(=C5)O)O)[C@@H]2OC(=O)C6=CC(=C(O)C(=C6)O)O)O,1
COCC(=O)N1CCC2=C1C=CC(=C2)C3=CSC(=N3)NC(=O)C4=CC(=CC(=C4)OC)OC,0
NC1=CC(=C(O)C=C1)[N+]([O-])=O,0
O=C1N(CC2=C1C=C(N=C2C3=CC=CN=C3)N4CCOCC4)C5=CC=CC=C5,0
CCCCCCCC(O)=O,0
O=C(Nc1c(I)c(c(I)c(c1I)C(=O)O)C(=O)NC)CCCCC(=O)Nc2c(I)c(C(=O)NC)c(I)c(C(=O)O)c2I,0
CCCCCCOC(=O)C1=CC2=C(C(O)=C(O)C(OC)=C2)C(=O)C(O)=C1,0
Cl.CCc1ccc(nc1)CCOc3ccc(CC2SC(=O)NC2=O)cc3,0
C[C@@]1(CO)[C@H](O)CC[C@@]2(C)[C@H](CC(=O)/C3=C/COC3=O)C(=C)CC[C@H]12,0
CC(O)[C@H](NC(=O)[C@@H]1CSSC[C@H](CC(=O)[C@H](N)CC2=CC=CC=C2)C(=O)N[C@@H](CC3=CC=C(O)C=C3)C(=O)N[C@H](CC4=C[NH]C5=CC=CC=C45)C(=O)N[C@@H](CCCCN)C(=O)N1)C(N)=O,0
CCN(CC)C(S)=S,0
CCN(CC1=CC=NC=C1)C(=O)C(CO)C2=CC=CC=C2,0
CN1CC[C@H]([C@@H]1CO)C2=C3OC(=C/C(=O)C3=C(O)C=C2O)\C4=C(Cl)C=C(C=C4)C(F)(F)F,0
CC(C)NC[C@H](O)C1=CC(=C(O)C=C1)O,0
Oc1ccc(C[C@](C)(N)C(=O)O)cc1,0
CC1=C(C=CC=C1Cl)[S+]([O-])(=O)NC2=NC(=CS2)CCN3CCOCC3=O,0
CN5C[C@@H]4C[C@H]5CN4c1cc2N(C=C(C(=O)O)C(=O)c2cc1F)C3CC3,0
Cl.CC(c1ccccc1)n2cncc2C(=O)OC,0
OC(=O)C1=C(N=CC=C1)C(O)=O,0
FC(F)(F)C1=CC(=C(Cl)C=C1)C2=CC=C(C=O)C=C2,0
CN(C)CCOC(C1=CC=CC=C1)C2=CC=CC=C2,0
CC(=O)OC1C(O)\C=C(C)/C2CC3C(CC12C)OC(=O)C3=C,0
COC1=CC2=C(C=C1)[N](C)C3=C2N(CC(=O)NC4=C(C)C=C(C)C=C4C)C(=O)N(C3=O)C5=CC(=CC=C5)C,0
CO[C@H]1CC[C@@H](CC1)N(C(=O)[C@H]2CC[C@H](C)CC2)C3=C(SC(=C3)C4=CCCCC4)C([O-])=O,0
CC[C@H](C)[C@H]1O[C@@]2(C[C@@H]3C[C@@H](C/C=C(C)/[C@H](O[C@H]4C[C@H](OC)[C@H](O[C@H]5C[C@H](OC)[C@@H](O)[C@H](C)O5)[C@H](C)O4)[C@@H](C)\C=C\C=C\6CO[C@@H]7[C@H](O)\C(=C/[C@@H](C(=O)O3)[C@]67O)C)O2)\C=C/[C@@H]1C,0
COC[C@H](N1CCN(C[C@@H]1C)C2(C)CCN(CC2)C(=O)C3=C(C)N=CN=C3C)C4=CC=C(C=C4)C(F)(F)F,0
[O-][S+](=O)(C(CNC(=O)C(=O)NCC1=CC=C(F)C=C1)C2=CC=CS2)C3=CC=CS3,0
CCC1=C2N=C(C=C(NCC3=C[N+](=CC=C3)[O-])[N]2N=C1)N4CCCCC4CCO,0
COC1=CC(=C(C)C=C1NC2=C3CCCC3=NC4=CC=CC=C24)Cl,0
COC1=CC(=CC(=C1OC)OC)C2N(CCCOC(C)C)C(=O)C3=C2C(=N[NH]3)C4=C(C)C=C(C)C=C4O,0
Oc4cc5CC[C@@H]1[C@H](CC[C@]2(C)[C@H](CC[C@@H]12)OC(=O)CCC3CCCC3)c5cc4,0
COC1=CC(=C(OC)C=C1)C(O)C(C)N,0
CC1(CCCC2(C)C1C(O)OC2=O)C3CCC4CC3(CC4=C)C(O)=O,0
CC(CCC1=CC(=CC(=C1O)C\C=C(/C)CO)C(O)=O)C(=O)\C=C\C(C)(C)O,0
O.O.O.Oc1ccc(C[C@](C)(N)C(=O)O)cc1O.O=C(O)[C@@](C)(N)Cc1cc(O)c(O)cc1,0
NCCCCNC(N)=N,0
NC(=O)C1=C2[NH]C(=NC2=CC=C1)C3=CC=C(C=C3F)[C@H]4CCCN4,0
OC(=O)C1=CC(=C2C=CC=CC2=N1)O,0
CC1=CC(=C(O)C(=C1C\C2=N\CCN2)C)C(C)(C)C,0
C1CC(CCN1)C2=CC(=N[NH]2)C3=CC=NC=C3,0
CC1=CC=C(C=C1)[S+](O)([O-])=O,0
O=C(Nc1ccc(cc1)[As](O)(=O)O[Bi]=O)CO,0
N[C@@H](CCC(=O)N[C@H](CSN=O)C(=O)NCC(O)=O)C(O)=O,0
CN(C)C(=O)C1=NC=C(OC2=C3C=C(C)OC3=CC(=C2)C(=O)NC4=CN=C(C)C=N4)C=N1,0
CC1=CC(=CC=C1)N2NC(=O)\C(=C\C3=CC=C(O3)C4=CC=C(Cl)C(=C4)C(O)=O)C2=O,0
COC1=C(O)C=C(C=C1)[C@@H]2CC(=O)C3=C(O2)C=C(O[C@@H]4O[C@H](CO[C@@H]5O[C@@H](C)[C@H](O)[C@@H](O)[C@H]5O)[C@@H](O)[C@H](O)[C@H]4O)C=C3O,0
O=C(OCCl)[C@@]4(OC(=O)OCC)CC[C@@H]3[C@]4(C)C[C@H](O)[C@H]2[C@H]3CCC1=CC(=O)C=C[C@@]12C,0
O[P]([O-])(=O)C(SC1=CC=C(Cl)C=C1)[P](O)([O-])=O,0
CC(C)C(=O)Nc1cccc(c1)C2N=C3SCCN3C2,0
Cl.COc1cc2C(=O)C(Cc2cc1OC)CC4CCN(Cc3ccccc3)CC4,0
COC1=C(OC)C=C(C=C1)C/2C3=C(OC/4=C2C(=N)N(CCN5CCOCC5)/C=N4)C=CC=C3,0
Cl.CCOc1ccc(cc1OCC)Cc3nccc2cc(OCC)c(cc23)OCC,0
CN(C)C1=NC(=NC2=CC=CC=C12)N[C@@H]3CC[C@@H](CC3)NCCC4=C(OC(F)(F)F)C=C(Br)C=C4,0
CC(C)C1=N[N](C\2=C1C(=O)N\C(=N2)CC3=CC=C(OCCO)C=C3)C4=C(Cl)C=CC=C4Cl,0
[S-]C(=S)OC1CC2CC1C3CCCC23,0
Cl.CN1C(CCCC(O)=O)=NC2=CC(=CC=C12)N(CCCl)CCCl,0
CO.COc4cc(Nc3c(C#N)cnc2cc(OCCCN1CCN(C)CC1)c(OC)cc23)c(Cl)cc4Cl,0
C[N]1N=CC(=C1C2=C(Cl)OC(=C2)C(=O)NC(CN)CC3=CC(=C(F)C=C3)F)Cl,0
OC(=O)CNC(=O)C(CS)CC1=CC=CC=C1,0
OCC(O)CNC(=O)C1=C(NC2=C(F)C=C(I)C=C2)C=NC=C1,0
CCN1C(=O)C\N=C/2N\C=C(/N=C12)C3=C(C)N=C(C=C3)C4=NN=C[NH]4,0
FC(F)(F)C1=C(C=CC=C1)C\2SC3=C(N\C4=C2C(=O)C5=CC=CC=C45)C=CC=C3,0
CC(=O)NCCC[S]([O-])(=O)=O,0
OC[C@H]1O[C@H](C[C@@H]1O)N2/C=C(/C=C/Br)C(=O)NC2=O,0
CC[C@H](NC(C)C)[C@H](O)C1=CC=C(O)C2=C1\C=C/C(=O)N2,0
OP(O)(O)=O.CC(C)N(CCC(C(N)=O)(C1=CC=CC=C1)C2=NC=CC=C2)C(C)C,0
CC(C)OC1=C(F)C=C(C=C1)C2=N[N]([C@@H](C)C/3=C(C4=CC(=CC=C4)F)/C(=O)C5=CC(=CC=C5O3)F)C6=C2C(=NC=N6)N,0
[O-][S+](=O)(NC1=NC=CS1)C2=CC=C(NC(=O)C3=CC(=NC4=C3C=CC=C4)C5=CC=CC=C5)C=C2,0
OC(=O)C1=CC=CC=C1NC(=O)/C(=C/C2=CC=C(O2)C3=CC(=CC=C3Cl)Cl)C#N,0
COC1=CC=CC(=C1)C/2C3=C4C=CC=CC4=CC=C3OC/5=C2C(=N)N(/C=N5)C6=C(Cl)C=CC=C6,0
O=S2(=O)C(C)(C)[C@@H](N1C(=O)C[C@H]12)C(=O)O,0
CC(C)(C)C1=CC=C(CN2CCN(CC2)C(C3=CC=CC=C3)C4=CC=C(Cl)C=C4)C=C1,0
O=Cc1ccccc1C=O,0
COC1=CC=C(CNC(=O)\C=C\C2=CC=C3[NH]C=C(CCN(C)C)C3=C2)C=C1,0
CC[N]1C2=C(C=CC=C2)C3=C1C=CC(=C3)CN4CCN(CC4)CC5=CC=CC=C5C,0
[O-][S+](=O)(C(F)F)C1=C(C=CC=C1)C(=O)N2CC(C2)OC3=CC=CN=C3,0
NS(=O)(=O)c2cc1c(NC(CCl)N(C)S1(=O)=O)cc2Cl,0
O=C1C(CCc3c1c2ccccc2n3C)Cn4ccnc4C,0
CC1=CC(C)=C(C=C1)[S+]([O-])(=O)ON2C(=O)C3=CC=CC=C3C2=O,0
CSC1=CC=CC(=C1)NC2=NC3=CC=CC=C3C(=C2)C(=O)NCCCN(CC4=CC=CC=C4)C(C)C,0
CCCCC\C=C/C=C/C(O)CCCCCCCC(=O)OC[C@@H](COC(=O)CCCCCCC\C=C/C=C/C(O)CCCCC)OC(=O)CCCCCCC\C=C/C=C/C(O)CCCCC,0
O[C@H]1[C@H](O)[C@@H](O)[C@@H](O[C@@H]1CO)c4c(O)c3C(=O)c2c(C)c(C(=O)O)c(O)cc2C(=O)c3c(O)c4O,0
CC[S+]([O-])(=O)N1CCN(CC1)C2=CC=C(NC3=NC(=C(C=N3)C(N)=O)NC4CC4)C=C2,0
CC(C)COc1ccc(cc1C#N)c2nc(C)c(s2)C(=O)O,0
FC1=CC=C(OCCCN2CCC3(CC2)N(CNC3=O)C4=CC=CC=C4)C=C1,0
CCOC1=CC=C(C=C1)C\2=N\C3=C\C(=O)NN3\C(=N2)SCC(=O)NC4=CC(=C(C)C=C4)C,0
CCOC1=C(NC(=O)C2CCCN(C2)[S+]([O-])(=O)C3=CC4=C(C=C3)N(CCC4)C(C)=O)C=CC=C1,0
CC(=O)NC1=CC=C(NC(=O)C/2=C/C(=O)C3=C(O2)C=CC=C3)C=C1,0
C[C@H]1OC(=O)[C@@H](C)[C@@H]1CC(=O)[C@](C)(O)[C@H]2CC[C@@]3(O)C/4=C/C(=O)[C@@H]5C[C@@H](O)[C@@H](O)C[C@]5(C)C4CC[C@]23C,0
OC1=CC(=CC=C1C2=CC=C(O2)\C=C\3SC(=O)NC3=O)F,0
CN1CCC[C@H]1C2=CC(=NO2)C,0
COC1=CC=CC2=CC3=C(C(C)OC3=O)C(=C12)O[C@@H]4O[C@H](CO[C@@H]5O[C@H](CO)[C@@H](O)[C@H](O)[C@H]5O)[C@@H](O)[C@H](O)[C@H]4O,0
C[C@@H](NC1=C2C=C([NH]C2=NC=N1)C3=CC=C(O)C=C3)C4=CC=CC=C4,0
C[C@H]1O[C@@H](OC(=O)C23CCC4(C)\C(=C/CC5C6(C)CC(O)C(O[C@@H]7O[C@@H]([C@@H](O)[C@H](O)[C@H]7O)C(O)=O)C(C)(C6CCC45C)C(O)=O)C2CC(C)(C)CC3O)[C@H](O[C@@H]8O[C@@H](C)[C@H](O)[C@H](O[C@@H]9OC[C@](O)(CO)[C@H]9O[C@@H]%10O[C@H](CO)[C@@H](O)[C@H](O)[C@H]%10O)[C@H]8O)[C@@H](O)[C@@H]1O,0
ONC(=O)CCCCCCNC(=O)C1=CN=C(N=C1)N(C2=CC=CC=C2)C3=CC=CC=C3,0
CC(C)=CCCC\1(C)OC2=C(\C=C1)C3=C(C=C2C)C4=C([NH]3)C=CC=C4,0
CO[C@H]\1/C=C/[C@@](C)(O)/C=C/C(=O)O[C@H](C)[C@@H](C)CC/C=C1C,0
Clc1c(cc(cc1NC(=O)C(=O)O)C#N)NC(=O)C(=O)O,0
O=C1CCCN1C(=O)/C=C/C=CC(\C)=C\C(O)CCCC,0
NC(=O)CNC(=O)[C@H](CCCCN)NC(=O)[C@@H]1CCCN1C(=O)[C@@H]4CSSC[C@H](N)C(=O)N[C@@H](Cc2ccccc2)C(=O)N[C@@H](Cc3ccccc3)C(=O)N[C@@H](CCC(N)=O)C(=O)N[C@@H](CC(N)=O)C(=O)N4,0
COC1=C(OC)C=C2C(NC3=CC(Cl)=CC=C3)=NC=NC2=C1,0
CC1=CC(=C2C(=O)C3=C(C(=CC(=C3O)C)O)C(=O)C2=C1O)O,0
CC\C=C/CCO[C@@H]1O[C@H](CO)[C@@H](O)[C@H](O)[C@H]1O,0
[O-]S(=O)(=O)OC.C[N+]1(C)CC\C(CC1)=C(\c2ccccc2)c3ccccc3,0
NC1=C2C(=NC=N1)[N](N=C2C3=CC=C(OC4=CC=CC=C4)C=C3)[C@@H]5CCCNC5,0
[Na+].C/C(C)=C\Cc1cc(ccc1O)C(=O)NC3=C([O-])c4ccc(O[C@@H]2OC(C)(C)[C@H](OC)[C@@H](OC(N)=O)[C@H]2O)c(C)c4OC3=O,0
CC1(CC(O)C2(CCC3C(C)(CCCC3(C)C2=O)C(O)=O)C1)C=C,0
CN1CCN(CC1)C2=NC3=CC=C(NC(=O)NC4=CC=CC(=C4)Cl)C=C3C(=C2)C,0
Cl.CCC(\CN)=C(/c1ccccc1)c2ccccc2,0
COC1=CC=C(NC(=O)C2=CC=C(C=C2)C3=CC=C(C=C3C)C(N)=N)C=C1N4CCN(C)CC4,0
CC1=CC(=C([NH]1)/C=C/2C(=O)NC3=CC=CC=C23)C,0
CN[C@@H]1CN(C[C@H]1OC)C2=NC3=C(C=C2)C(=O)C(=C\N3C4=NC=CS4)/C(O)=O,0
O=C(O)CCC(\C)=C\Cc1c(O)c2C(=O)OCc2c(C)c1OC,0
COC[C@H](NC(=O)[C@H](COC)NC(=O)C1=CN=C(C)S1)C(=O)N[C@@H](CC2=CC=CC=C2)C(=O)[C@@]3(C)CO3,0
CCCN1C(=O)N(CCCOC(=O)C2=CC=C(C=C2)[S+]([O-])(F)=O)C3=C([NH]C(=N3)C4CCCC4)C1=O,0
O=C(Oc2cc(ccc2OC(=O)c1ccc(C)cc1)C(O)CNC(C)(C)C)c3ccc(C)cc3,0
C[C@H]1O[C@H]([C@H](O)[C@@H]1O)N2C=C(F)C(=O)NC2=O,0
CC(CCC1=CC=CC=C1)NC(C)C(O)C2=CC=C(O)C=C2,0
OC(=O)C1=CC=CC=C1C(=O)NC2=CC=C(C=C2)C3=CC=CC=C3,0
NC1=CC(=C(C=C1)N2C(=O)C3=C(C=CC=C3)C2=O)Cl,0
CC(=O)N1CCN(CC1)C2=CC=C(OC[C@H]3CO[C@@](C[N]4C=CN=C4)(O3)C5=CC=C(Cl)C=C5Cl)C=C2,0
O[C@@](CC1=NC(=C[NH]1)CC2(CC2)C(F)(F)F)(C3=CC=C(C=C3)[N]4C=CC=N4)C(F)(F)F,0
CCCC(CCC)C([O-])=O,0
CCCCCC#CCC#CCC#CCCCCCCC(O)=O,0
O=C(C)Oc1ccccc1C(=O)O,0
C[C@@H]1O[C@@H](O[C@H]2C[C@@H](O[C@@H]3O[C@H](C)[C@H](O)[C@H](O)[C@H]3O[C@@H]4O[C@@H](C)[C@H](O)[C@@H](O)[C@H]4O)[C@]5(C)C6CC[C@@]7(C)C(C[C@@H]8O[C@]9(CCC(=C)CO9)[C@@H](C)[C@H]78)C6C/C=C5/C2)[C@H](O)[C@H](O)[C@H]1O,0
OC[C@H]1O[C@H](C[C@@H]1O)N2\C=C(Br)/C(=O)NC2=O,0
NC1=NC2=C(N=CN2[C@@H]3O[C@H](CO)[C@@H](O)[C@@H]3O)C(=O)N1,0
C[C@@H]1CC[C@@H](COC2=CC=C(F)C=N2)CN1C(=O)C3=C(C=CC(=C3)C)C4=NC=CC=N4,0
NC1=NC(=N[N]1C(=O)C2=C(F)C=CC=C2F)NC3=CC=C(C=C3)[S+](N)([O-])=O,0
ClC1=CC=C(C=C1)C23C[C@@H]4C[C@@H](CC(C4)(C2)C(=O)NCC5=CC=NC=C5)C3,0
Cl.CC(C)C[C@H]3N(CCCN1CCCCCC1)C(=O)O[C@H]3c2ccccc2,0
COC1C(O)C(C)OC(OC2C(O)C(O)[C@H](O[C@@H]3CC4CCC5C(CC[C@]6(C)[C@H](CC[C@]56O)\C7=C\C(=O)OC7)[C@@]4(C)[C@@H](C3)OC(C)=O)OC2CO)C1O,0
[O-][S+](=O)(N1CCCC(C1)C(=O)N2CCN(CC2)C3=CC(=CC=C3)Cl)C4=CC=CC5=NSN=C45,0
CC(C)OC(=O)CCCCCCCCCCCCC,0
CC(C)(C)OC(=O)N[C@@H](CC1=CC=C(O[S+]([O-])(=O)C2=CC=CC3=C2N=CC=C3)C=C1)C(=O)N4CCN(CC4)C5=CC=CC=C5,0
CNC(=O)C1=CC=CC(=C1)C2=CC=C3C(=N2)N=C(N=C3N4CCOC[C@@H]4C)N5CCOC[C@@H]5C,0
CC[C@H]1OC(=O)[C@H](C)[C@@H](O[C@H]2C[C@@](C)(OC)[C@@H](O)[C@H](C)O2)[C@H](C)[C@@H](O[C@@H]3O[C@H](C)C[C@@H]([C@H]3O)N(C)C)[C@@](C)(C[C@@H](C)C(=O)[C@H](C)[C@@H](O)[C@]1(C)O)OC,0
CCOC(=O)N1CCC(CC1)N2CCC[C@H](C2)NC(=O)C3=C(C)C=CC=C3,0
NC1=NC(=NC2=C1N=C[N]2[C@@H]3O[C@H](CO)[C@@H](O)[C@H]3O)NC4=CC=CC=C4,0
CCCCC1=CC=C(NC(=O)COC(=O)C2=CC=CC=C2OCC(=O)NC3=CC=C(Br)C=C3)C=C1,0
C[C@@H]1CC[C@@]2(CC[C@]3(C)\C(=C/CC4[C@@]5(C)C[C@@H](O)[C@H](O)[C@@](C)(CO)C5CC[C@@]34C)C2[C@H]1C)C(=O)O[C@@H]6O[C@H](CO[C@@H]7O[C@H](CO)[C@@H](O[C@@H]8O[C@@H](C)[C@H](O)[C@@H](O)[C@H]8O)[C@H](O)[C@H]7O)[C@@H](O)[C@H](O)[C@H]6O,0
O[C@H]1[C@H](O)[C@@H](COC(=O)C2=CC(=C(O)C(=C2)O)O)O[C@@H](OC3=CC(=C(C(=O)CCC4=CC=C(O)C=C4)C(=C3)O)O)[C@@H]1O,0
C[C@H]1CCCC2C(O)C3(O)OC(=O)/C(=C3/C[C@]12C)C,0
C\C=C(\C)C(=O)O[C@H]1C(=C)[C@H]2CC[C@@]3(O)[C@]4(C)CCC[C@](C)([C@H]4CC[C@]13C2)C(O)=O,0
Cl.Cl.Cl.COC1=C(OC)C=C2C(NC3CCN(CC4=CC=CC=C4)CC3)=NC(=NC2=C1)N5CCCN(C)CC5,0
NC(=N)C1=CC=C(C=C1)/C=C/C2=CC=C(C=C2O)C(N)=N,0
C[C@@H]1CN(C[C@H](C)N1)c2c(F)c(F)c3c(c2F)N(C=C(C3=O)C(=O)O)C4CC4,0
C[C@@]1(F)[C@H](O)[C@@H](CO)O[C@H]1N2\C=C/C(=O)NC2=O,0
CC[C@@]1(O)C(=O)OCC/2=C1/C=C/3N(CC4=CC5=C(OC)C=CC=C5N=C34)C2=O,0
CN1C(=O)[C@H](OC(N)=O)[C@@H](C(=O)NC2=CC=CC=C2)C13CCN(CC3)C(=O)C4=CC=C(F)C=C4,0
COC1=C(C=CC=C1)N2CCN(CC2)CCN3C(=O)CC4(CCCC4)CC3=O,0
Cl.CC1=NN=C(C2=CC=C(N)C=C2)C3=C(C1)C=C4OCOC4=C3,0
CC[C@@H](C)NC1=CC(=C(C)C=C1C(N)=O)C(=O)NC2C[C@@H]3CCC(C2)N3C4=NC=C(C=C4)C(=O)C5CC5,0
COC(=O)\C1=C\O[C@@H](O[C@@H]2O[C@H](CO[C@@H]3O[C@H](CO)[C@@H](O)[C@H](O)[C@H]3O)[C@@H](O)[C@H](O)[C@H]2O)[C@H]\4[C@@H]1C\C=C4CO,0
BrC1=CC2=C(OCC[C@H]2NCCCN/C3=C/C(=O)C4=C(N3)C=CS4)C(=C1)Br,0
CCCC[C@H](C)C(OC(=O)C[C@H](CC(O)=O)C(O)=O)C(C[C@@H](C)C[C@H](O)CCCC[C@@H](O)C[C@H](O)[C@H](C)N)OC(=O)C[C@@H](CC(O)=O)C(O)=O,0
FC1=CC=CC=C1C[N]2C(=NC3=CC=NC=C23)SCC4=CC=C(C=C4)C(=O)N5CCCCCC5,0
O=C1N=C(C=CN1CC)NS(=O)(=O)c2ccc(N)cc2,0
CCCCCCCCCCCCCC(=O)N[C@H](CO)[C@H](O)C1=CC=C(C=C1)[N+]([O-])=O,0
COC(=O)[C@H]1[C@@H](O)CCC2CN3CCC4=C([NH]C5=CC=CC=C45)C3CC12,0
C[C@H](O)C(=O)N1CCN(CC1)CC2=C(C)C3=C(S2)C(=NC(=N3)C4=CN=C(N)N=C4)N5CCOCC5,0
CCCN1CCC[C@@H](C1)C2=CC=CC(=C2)O,0
COC1=C(O)C=CC(CNC(=O)CCCC\C=C\C(C)C)=C1,0
COC1=CC(=C(F)C(=C1N[S+]([O-])(=O)C2(CC2)C[C@H](O)CO)NC3=C(F)C=C(I)C=C3)F,0
[I-].[I-].COc7ccc1cc7Oc6cc5c(CC[N+](C)(C)[C@H]5Cc4ccc(Oc3c2c(CC[N+](C)(C)[C@@H]2C1)cc(OC)c3OC)cc4)cc6OC,0
CCN1\C=C(C(=O)NCCC2=CC=C(Cl)C=C2)/C(=O)C3=CC(=CC=C13)[S+]([O-])(=O)N(C)C4CCCCC4,0
CC1=NC(=CC=C1)/C=C/C2=CC=CC=C2,0
Cl.OC1=CC=C2CC3N(CC4CC4)CCC56[C@@H](OC1=C25)C7=C(C[C@@]36O)C8=C(N7)C=CC=C8,0
CC1=C(NC(=O)CSC2=NC(=CC(=N2)C(F)(F)F)C3=CC=CS3)C(=CC=C1)C,0
COC1=C(OC2CCCC2)C=C(C=C1)[C@H](CC3=CC=NC=C3)C4=CC=CC=C4,0
Cl.c2cc(CC1=NCCN1)ccc2,0
OCC(O)CONC(=O)C1=C(NC2=CC=C(I)C=C2F)C(=C(F)C(=C1)Br)F,0
NC/1=N/C(=O)N(/C=C1)[C@@H]2O[C@H](CO)[C@@H](O)C2(F)F,0
[H][C@]1(C)\C=C\C=C(C)\C(=O)NC2=C3NC4(CCN(CC(C)C)CC4)N=C3C5=C(C2=O)C(O)=C(C)C6=C5C(=O)[C@](C)(O6)O\C=C\[C@]([H])(OC)[C@@]([H])(C)[C@@]([H])(OC(C)=O)[C@]([H])(C)[C@]([H])(O)[C@]([H])(C)[C@@]1([H])O,0
[O-][S+](=O)(N1CCNCC1)C2=C3C=CC=NC3=CC=C2,0
C[N]1N=CN=C1COC2=N[N]3C(=NN=C3C4=C(F)C=CC=C4F)C=C2C5CCC5,0
CCCCCCCC\C=C/CCCCCCCCOCCO[P]([O-])(=O)OCC[N+](C)(C)C,0
O=S(=O)(O)O.O=S(=O)(O)O.O=S(=O)(O)O.O=S(=O)(O)O.O=S(=O)(O)O.NC3CC=C(CN)OC3O[C@@H]2[C@@H](N)C[C@@H](NCC)[C@H](O[C@H]1OC[C@](C)(O)[C@H](NC)[C@H]1O)[C@H]2O.NC3CC=C(CN)OC3O[C@H]2[C@H](O)[C@@H](O[C@H]1OC[C@](C)(O)[C@H](NC)[C@H]1O)[C@H](NCC)C[C@@H]2N,0
CC(C)[C@@H](C)/C=C/[C@@H](C)[C@H]1CC[C@H]2\C(CCC[C@]12C)=C\C=C/3C[C@@H](O)CCC3=C,0
COC1=CC(=CC(=C1)CC/C2=N/N=C(C2)/NC(=O)C3=CC=C(C=C3)N4C[C@@H](C)N[C@@H](C)C4)OC,0
CCOC1=C(C=CC=C1)C2=NN=C([NH]2)SCC(=O)C3=CC=C(OC)C(=C3)Br,0
OC(C1CC1)C2=N[N]3CCN(CC3=C2)C(=O)C4=CN=C(N=C4)N5CCOCC5,0
O=C(OC)N\N=C\c2c[n+]([O-])c1ccccc1[n+]2[O-],0
CC(C)(O)C1CCC2(C)C3C(O)C4C(C13)C24CO,0
N[C@@H]1C[C@H]1C2=CC=CC=C2,0
FC1=CC=C(C=C1C(F)(F)F)C2=NOC(=C2)CNC(=O)CCCC3=NC4=NC=CC=C4C=C3,0
CC(C)C[C@@H](N)C(=O)N[C@@H]1[C@H](O)C2=CC=C(OC3=C(O[C@@H]4O[C@H](CO)[C@@H](O)[C@H](O)[C@H]4O[C@H]5C[C@](C)(N)[C@H](O)[C@H](C)O5)C6=CC(=C3)[C@@H](NC(=O)[C@H](CC(N)=O)NC1=O)C(=O)N[C@H]7C(=O)N[C@@H]([C@H](O)C8=CC=C(O6)C(=C8)Cl)C(=O)N[C@H](C(O)=O)C9=C(C(=CC(=C9)O)O)C%10=C(O)C=CC7=C%10)C(=C2)Cl,0
CC(C)(C)OC(=O)C1=C2[N](C=N1)C3=CC=CC=C3NC2(C)C,0
C[C@H](O)[C@@H](NC1=CC=C(C#N)C(=C1C)Cl)C2=NN=C(O2)C3=CC=C(C=C3)C#N,0
NC(=O)[C@@H]1CC[C@@H](N1)C2=CC=C(OCC3=CC=CC=C3F)C=C2,0
CC1=CC=C(NC(=O)CN2C(=O)N\C(=C/C3=CC=CN3C4=CC(=CC=C4)C(O)=O)C2=O)C=C1,0
CCOc1ccc(cc1)NC(C)=O,0
N#C\C(=C1/SCC(S1)c2ccccc2Cl)n3ccnc3,0
CC(C)(S)[C@@H](N)C(O)=O,0
O=C(NC1=CC=C(C=C1)C2=NC(=NC=C2)NC3=CC=C(C=C3)N4CCOCC4)C5CCCN5,0
COC(C(=O)N1CC2=C(C1)C(=N[NH]2)NC(=O)C3=CC=C(C=C3)N4CCN(C)CC4)C5=CC=CC=C5,0
[O-]C(=O)CN(CC([O-])=O)C1=C(C#N)C(CC([O-])=O)=C(S1)C([O-])=O,0
O=S(=O)(Oc1ccccc1)CCCCCCCCCCCCCCC,0
CC(=O)OC1CC(O)C(C)(C)C2CC(OC(C)=O)C3(C)C(CCC4(C)C(C(=O)C5OC345)C6=COC=C6)C12C,0
[O-][N+](=O)C1=CC=CC(=C1)[N+]([O-])=O,0
CC(C)(C)CC(=O)OCC(=O)[C@]45OC(C)(C)O[C@@H]5C[C@@H]3[C@]4(C)C[C@H](O)[C@@]2(F)[C@H]3CCC1=CC(=O)C=C[C@@]12C,0
C[C@H](CCC(O)=O)[C@H]1CCC2C3C[C@H](O)[C@@H]4C[C@H](O)CC[C@]4(C)C3CC[C@]12C,0
CCCCCC(=O)N(C1=CC=C(OCC)C=C1)[S+]([O-])(=O)C2=CC=C3N(C)C(=O)N(C)C3=C2,0
CC(O)C(O)[C@H]1CNC/2=C(N1)/C(=O)NC(=N2)/N,0
CCN(CC)CCOC(=O)C1=CC=C(N)C=C1,0
NC1=NC(=NC(=C1)O)N,0
CN1\C(=C(\O)C2=C(C=CC=C2)[S+]1([O-])=O)C(=O)NC3=CC=CC=N3,0
CCCN(CCC)CCNC(=O)C1=CC2=C(S1)[N](C)N=C2C3=C(F)C=CC=C3,0
O=C(O)c1cccnc1,0
CC(C)c1cc2C(=O)c3cc(c(N)nc3Oc2cc1)C(=O)O,0
Cl.Cl.COc2ccc(CN1CCNCC1)c(OC)c2OC,0
C[C@@H](CN1CCC2(CC1)N(CNC2=O)C3=CC(=CC=C3)F)NC(=O)C4=CC=C(Br)C=C4,0
CC1=CC(=CC=C1OCC(O)=O)[S+]([O-])(=O)CC2=C(C)N=C(S2)C3=CC(=C(C=C3)C(F)(F)F)F,0
Clc1ccc2N=C(C)NS(=O)(=O)c2c1,0
OC1=C(O)C2=C(C=C1)C(=O)\C=C(O2)\C3=C(O)C=CC=C3,0
N=C1N(C=NC2=C1C(C3=CC=C4OCOC4=C3)C5=C6C=CC=CC6=CC=C5O2)C7=CC=CC=C7,0
CC(C)N1C(=O)NN=C1C2C(CCN2C(=O)CC3=NNC4=C3CCCC4)C5CC5,0
COC1=CC=C(C=C1)N2CCN(CC2)C(=O)C3=CC4=C(S3)C5=C(C=CC=C5)[S+]([O-])(=O)C4,0
NC(CCP(O)(O)=O)C(O)=O,0
CC(C)CC1=CC=C(C=C1)[C@H](C)C(O)=O,0
Cc2c(NS(=O)(=O)c1ccc(N)cc1)onc2C,0
CC1(C)CC[C@@]2([C@H](O)C[C@]3(C)\C(=C/CC4[C@@]5(C)CC[C@@H](O[C@@H]6O[C@@H]([C@@H](O[C@@H]7OC[C@@H](O)[C@H](O)[C@H]7O)[C@H](O[C@@H]8OC[C@](O)(CO)[C@H]8O)[C@H]6O)C(O)=O)C(C)(C)C5CC[C@@]34C)C2C1)C(=O)O[C@@H]9O[C@H](CO)[C@@H](O)[C@H](O)[C@H]9O,0
COC(=O)CC(O)CC(O)/C=C/C1=C(C)C=CC2=C1C(CC(C)C2)OC(C)=O,0
CC1=C2C=C(C#N)[N](CC3=C[NH]N=C3)C2=CC=C1CN4CCC(CC4)NC5=C6C=C(CC(F)(F)F)SC6=NC=N5,0
CCOC(=O)C1=C(NC(=O)C(=CC2=CC=C(OCC(O)=O)C=C2)C#N)SC3=C1CCCC3,0
CCCN1N=C(C(=O)N(C(C)C2=CC=CC(OC)=C2)C3=CN(C)N=C3)C4=CC=CC=C4C1=O,0
CCCCSCCCNC(=O)C1CCN(CC1)CC2=C(C)OC(=N2)C3=CC=C(CC)C=C3,0
CN(C)C1=C(CN2CCCN(CC3=C(C=CC=C3)N(C)C)C2C4=CC=NC=C4)C=CC=C1,0
CCOC1=CC=C(C=C1)C(=O)NC2=CC=C(Cl)C(=C2)C3=NC4=C(O3)C(=CC(=C4)C)C,0
Cl.CN3CCCN=C3COC(=O)C(O)(c1ccccc1)C2CCCCC2,0
CC1=C(C=CC(=C1)OCC2=NN=C(SC3CCCC3)[N]2C4=CN=CC=C4)C5=CC=C(C=C5)[S+](C)([O-])=O,0
CCCN1C(=O)N(CC)C2=C([NH]C(=N2)C3=C[N](CC4=CC=CC(=C4)C(F)(F)F)N=C3)C1=O,0
CC\1=C\2CC(C)(C)CC2C(O)\C3=C(/C1)C(=O)OC3O,0
CC(=O)CC[C@H]1[C@@H]2C[C@H]3[C@@H](C[C@]12C)OC(=O)C3=C,0
CC(C)(O)C1=CC2=C(S1)C(=NC(=N2)C3=CN=C(N)N=C3)N4CCOCC4,0
CC(C)(C)NC(=O)[C@H]1CC[C@H]2[C@@H]3CC[C@H]4NC(=O)\C=C/[C@]4(C)[C@H]3CC[C@]12C,0
[NH3+]C(=N)N1CCC2=C(C1)C=CC=C2,0
COC1=C(C(=CC=C1)OC)C2=NC(=C[N]2C3=C4C=CC(=CC4=NC=C3)Cl)C(=O)N[C@@H](CC(C)C)C(O)=O,0
CC1=C2CC[C@@H](C[C@H](O)C2=CC=C1)CN3CCC(CC3)C4=C(Cl)C=CC=C4Cl,0
CN1[C@@H]2CCC[C@H]1CC(C2)NC(=O)C3=N[N](C)C4=C3C=CC=C4,0
CCOC1=CC2=C(C=C1NC(=O)\C=C\CN(C)C)C(=C(C=N2)C#N)NC3=CC=C(OCC4=CC=CC=N4)C(=C3)Cl,0
CC1=CC=CC=C1/C=C/C2=N/CCN2,0
Cl.CC(C)NC(=O)c1ccc(CNNC)cc1,0
COC1=CC(=CC=C1O)/C=C/C(=O)O[C@@H]2C[C@@](O)(C[C@@H](O)[C@H]2O)C(O)=O,0
[H][C@@]1(CC2CCN1C[C@@H]2C=C)[C@@H](O)C1=CC=NC2=CC=C(OC)C=C12,0
C[N+]1(C)C2CC(CC1C3OC23)OC(=O)[C@H](CO)C4=CC=CC=C4,0
CC1[C@@H](O)[C@@H](O)C2[C@@]3(C)[C@H](O)[C@@H](O)CC(C)(O)C3C[C@H]4OC(=O)[C@H](O)[C@]1(O)[C@@]24C,0
NC1=C2C(=O)N(C3CCC(=O)NC3=O)C(=O)C2=CC=C1,0
OC1=C(C=CC=C1)C(=O)NC2=C(F)C=C(Cl)C=C2,0
CCN(CC)C1=NC=NC2=C1N=C[N]2[C@@H]3O[C@H](CO[P]([O-])(=O)O[P]([O-])(=O)C(Br)(Br)[P](O)([O-])=O)[C@@H](O)[C@H]3O,0
COC1=CC=C(C=C1C23CC4CC(CC(C4)C2)C3)C5=CC=C6C=C(C=CC6=C5)C(O)=O,0
Clc1ccccc1C34OCC(C)N4CC(=O)Nc2ccc(Cl)cc23,0
COc1ccc(cc1)C(\Cl)=C(/c2ccc(OC)cc2)c3ccc(OC)cc3,0
CNC1=C2N=C[N]([C@@H]3O[C@H](CO)[C@@H](O)[C@H]3O)C2=NC=N1,0
[Na+].COC1=CC=C(C=C1)C(=O)C(\CC2=CC(OC)=C(OC)C(OC)=C2)=C(/C([O-])=O)C3=CC=C4OCOC4=C3,0
CCCCCCCCCCCCCCCC(=O)OCC(CS[P]([O-])(=O)O[C@H]1[C@H](O)[C@@H](O)[C@H](O[P](O)([O-])=O)[C@@H](O[P](O)([O-])=O)[C@H]1O)OC(=O)CCCCCCCCCCCCCCC,0
COC1=C(OC(C)C)C=C2[C@@H](N(C(=O)CC2=C1)C3=CC=C(C=C3)N(C)C[C@@H]4CC[C@H](CC4)N5CCN(C)C(=O)C5)C6=CC=C(Cl)C=C6,0
NC(=O)CN1CCCC1=O,0
CCCOC(=O)C1=CC=C(O)C=C1,0
O[C@H]1[C@H](O)[C@@H](COC(=O)CC(O)=O)O[C@@H](OC2=CC3=C(C=C2)[C@@H]4OC5=C(C=C6OCOC6=C5)[C@@H]4CO3)[C@@H]1O,0
CN1CC2=C(C=CC3=C2OCO3)[C@H]4[C@@H](O)CC5=CC6=C(OCO6)C=C5[C@@H]14,0
CC1(C)C(=C\C=C\C=C\C=C\C2=[N+](/CCCC[S]([O-])(=O)=O)C3=CC=C4C=CC=CC4=C3C2(C)C)/N(CCCC[S]([O-])(=O)=O)C5=CC=C6C=CC=CC6=C15,0
CCCCCCCCCCCSCC(O)=O,0
Cl.Cl.CN1CCN(CCCN2C3=C(SC4=C2C=C(C=C4)C(F)(F)F)C=CC=C3)CC1,0
COC1=CC(=C(OC)C=C1)C(O)C(C)N,0
CC1=CC=C(C=C1)C(=O)NC2=NOC3=CC=CC=C23,0
Cl.CN1C=CC2=C1C=C3CCN(C(=O)NC4=CC=CN=C4)C3=C2,0
CS\C=C(/c1ccccc1OCCCCC)n2ccnc2,0
OC(=O)[C@@H]2CCCN2C(=O)[C@H](C)N[C@H](CCc1ccccc1)C(=O)O,0
CCN1C(=O)\N=C(C2=CC(=CC=C2)Cl)/C3=C1N=C(CC)C=C3,0
CC\C=C/CC1C(=O)\C=C/C1(CCCCCCCC(O)=O)OC(C)=O,0
CCCCCC(=O)N(C1=CC=C(OCC)C=C1)[S+]([O-])(=O)C2=CC=C3N(C)C(=O)N(C)C3=C2,0
CC(=O)NC1=CC2=C(C=C1)N=C3C(=NC(=NC3=N2)O)O,0
CCC1=C(C(=O)C(N)=O)C2=C(C=CC=C2OCC(O)=O)[N]1CC3=CC=CC=C3,0
[Ca+2].[O-]C(=O)\C=C\CCCCCCCC.[O-]C(=O)\C=C\CCCCCCCC,0
CC(C)C1=CC=CC(=C1O)C(C)C,0
COC1=CC=C(\C=C\C(=O)O[C@H]2[C@H](C)O[C@@H](O[C@H]3[C@@H]4\C=C/O[C@@H](O[C@@H]5O[C@H](CO)[C@@H](O)[C@H](O)[C@H]5O)[C@@H]4[C@@]6(CO)O[C@@H]36)[C@H](O)[C@@H]2O)C=C1,0
COCC(=O)[C@]3(OC(=O)CC)[C@@]4(C)C[C@H](O)C2(F)[C@@H](CCC1=CC(=O)C=C[C@@]12C)[C@@H]4C[C@@H]3C,0
CC(C)(C)C(O)C=CC1=CC=C2OCOC2=C1,0
C[C@@H]1O[C@@H](O[C@H]2[C@H](O)[C@H](O[C@@H](O[C@H]3CC[C@@]4(C)C(CC[C@]5(C)C4C\C=C/6C7CC(C)(C)CC[C@@]7(CC[C@@]56C)C(O)=O)C3(C)C)[C@@H]2O[C@@H]8OC[C@@H](O)[C@H](O)[C@H]8O)C(O)=O)[C@H](O)[C@H](O)[C@H]1O,0
NC(=O)C1=C[N+](=CC=C1)[C@@H]2O[C@H](CO[P]([O-])(=O)O[P](O)(=O)OC[C@H]3O[C@H]([C@H](O)[C@@H]3O)[N]4C=NC5=C(N)N=CN=C45)[C@@H](O)[C@H]2O,0
CC(C)(NC(=O)CBr)[C@H]1CCC[C@](C)(C1)NCC(O)COC2=CC=CC=C2CC=C,0
CCOC(=O)[C@@H](N)CC1=CC=C(C=C1)C2=CC(=NC(=N2)N)O[C@H](C3=C(C=C(Cl)C=C3)[N]4C=CC(=N4)C)C(F)(F)F,0
COC1=CC=C(\C=C\C(=O)O[C@@H]2[C@@H](O)[C@H](C)O[C@@H](O[C@H]3[C@@H]4\C=C/O[C@@H](O[C@H]5O[C@@H](CO)[C@H](O)[C@@H](O)[C@@H]5O)[C@@H]4[C@@]6(CO)O[C@@H]36)[C@@H]2OC(C)=O)C=C1,0
COC1=C(C=C(Cl)C=C1)[C@@]2(F)C(=O)NC3=C2C=CC(=C3)C(F)(F)F,0
C[N+]1([O-])[C@H]2C[C@@H](C[C@H]1[C@H]3O[C@@H]23)OC(=O)C(CO)C4=CC=CC=C4,0
FC(F)(C(F)(F)C(Br)(F)F)C(F)(F)C(F)(F)C(F)(F)C(F)(F)C(F)(F)F,0
NC1=NC=NC2=C1N=C(Br)[N]2C3OC4CO[P@]([O-])(=O)O[C@@H]4C3O,0
OC1CCN(CCCN2C3=CC=CC=C3SC4=CC=C(C=C24)C#N)CC1,0
CN1CCN(CC1)C3=Nc4ccccc4Sc2ccc(Cl)cc23,0
O=C(O)CCCCC1CCSS1,0
O=C(CN1C=NC2=C(C=CS2)C1=O)N3CCCC3C4=NC5=CC=CC=C5S4,0
FC(F)(F)C1=CC2=NC(=N[N]2C(=C1)NC3CC3)NC(=O)C4=CC=CN=C4,0
CSC1=CC2=C(SC3=C(C=CC=C3)N2CCC4CCCCN4C)C=C1,0
COC1=CC=C2NC=C(CC(=O)N3CCOCC3C4=NOC(C)=N4)C2=C1,0
O=C(CCCCN1CCOCC1)NC2=CC=C(C=C2)C3=CC=CN=C3,0
[H]N(C1CN2CCC1CC2)C(=O)C3=NC=C4OC=CC4=C3,0
NC(=O)C1=NC=CN=C1,0
NNC(=O)C1=N[N](CC2=CC=C(Cl)C=C2Cl)C3=C1C=CC=C3,0
C[C@H]1O[C@H](C[C@@H]1O)[N]2C=NC3=C(N)N=CN=C23,0
CCN(CC)c1cc(C)nc2ncnn12,0
OC[C@H]1O[C@@H](O[C@@H]2O\C=C3/[C@H]4C(OC3=O)\C=C(\COC(=O)\C=C\C5=CC=C(O)C=C5)[C@@H]24)[C@H](O)[C@@H](O)[C@@H]1O,0
CCCCCCNC1=NC=NC2=C1SC3=NC(=C4CCCCC4=C23)N5CCOCC5,0
COC1=CC2=C(C=C1OC)C(CC3=CC(OC)=C(OC)C=C3)[N+](C)(CCC(=O)OCCCCCOC(=O)CC[N+]4(C)CCC5=C(C=C(OC)C(OC)=C5)C4CC6=CC(OC)=C(OC)C=C6)CC2,0
CC(C)(C)c2cc(SC(C)(C)Sc1cc(c(O)c(c1)C(C)(C)C)C(C)(C)C)cc(c2O)C(C)(C)C,0
CC1=CC=C(N[S+]([O-])(=O)C2=C(CCC3=CC=CC=C3)C=C4NC(=O)COC4=C2)C=C1C,0
CC(C)[C@@H]1CC[C@@H](C)C[C@@H]1[P](=O)(C2=CC=CC=C2)C3=CC=CC=C3,0
CC(OC(=O)NC1=C(ON=C1C)C2=CC=C(CSCCC(O)=O)C=C2)C3=C(Cl)C=CC=C3,0
C[C@@H](N)C(=O)O,0
CC[C@H]1OC(=O)C[C@@H](O)[C@H](C)[C@@H](O[C@H]2O[C@H](C)[C@@H](O[C@H]3C[C@@](C)(O)[C@@H](OC(C)=O)[C@H](C)O3)[C@@H]([C@H]2O)N(C)C)[C@@H](CC=O)C[C@@H](C)C(=O)/C=C/C(=C/[C@@H]1CO[C@@H]4O[C@H](C)[C@@H](OC(=O)CC(C)C)[C@@H](OC)[C@H]4OC)C,0
NC1=N[NH]C2=NN=C(C=C12)C3=C4C=CC=C[N]4N=C3C5=CC=CC=C5,0
CC1=N[NH]C(=C1)C2=CC=CO2,0
CCC(=O)O[C@H]1C(C)(C)[C@H]([C@@H](O)C(=O)OC)[C@@]2(C)C3CC[C@]4(C)C(CC(=O)O[C@H]4C5=COC=C5)[C@]36O[C@@H]6[C@]1(O)C2=O,0
FC1=CC(=CC=C1)[C@H]2CCCN2C(=O)C3=NN=C(COC4=CC=C(F)C(=C4)F)[N]3C5=CC=CC=C5,0
FC(F)(C(F)(F)C(F)(F)F)C(F)(F)C(F)(F)F,0
CNC(=O)CN1CCC(CC1)OC2=C(OC)C=C3N=CN=C(NC4=C(F)C(=CC=C4)Cl)C3=C2,0
CCOC(=O)N[C@@H]1CC[C@@H]2[C@@H](C1)C[C@@H]3C([C@@H](C)OC3=O)[C@H]2\C=C\C4=NC=C(C=C4)C5=CC(=CC=C5)F,0
CC(C)NC[C@@H](O)COc2cccc1ccccc12,0
O=C1N(NS(=O)(=O)C2=CC=CC=C2)C(=S)S\C1=C/C=C/C3=CC=CO3,0
Br.CCCN(CCC)C1CCC2=C(C1)C(O)=CC=C2,0
CC(C)=CCC/C(C)=C/CC1=C(O)C(=C(O)C=C1)C2OC(=O)C3=C2C(=CC(=C3)C(O)=O)O,0
[O-][S+](=O)(N1CC(C1)OC2=C(F)C=C(F)C=C2)C3=CC=CC=C3,0
O=C(N1CCN(CC1)c3nc2cc(OC)c(OC)cc2c(N)n3)c4ccco4,0
CNCC[C@H](OC1=CC=C(C=C1)C(F)(F)F)C2=CC=CC=C2,0
CC(NC(C)(C)C)C(=O)C1=CC=CC(=C1)Cl,0
COC1=C(C=CC=C1)N2CCN(CC2)CCN(C(=O)C3=CC=C(F)C=C3)C4=CC=CC=N4,0
FC(F)(F)C1=CC=C(C=C1)C(=O)N2CC[C@H]3NC(=O)N(C(=O)[C@@H]23)C4=CC=C(OC5=CC=CC=C5)C=C4,0
COC1C[C@H]\2[C@@H]([C@@H](C)O1)[C@@H](O\C=C2C(=O)OC)O[C@@H]3O[C@H](CO)[C@@H](O)[C@H](O)[C@H]3O,0
CC1=C(C)C(=CC=C1)N2CCN(CC2)C(=O)C3CCCN(C3)[S+]([O-])(=O)C4=CC=CC5=NSN=C45,0
C[N]1C=C(C2=CC=CC=C12)\C3=C(\C(=O)NC3=O)C4=C[N](C5CCN(CC5)CC6=NC=CC=C6)C7=C4C=CC=C7,0
OCC(CO)(CO)NCC(O)C[N]1C2=C(C=C(Cl)C=C2)C3=C1C=CC(=C3)Cl,0
FC(F)(F)OC1=CC=C(C=C1)C(=O)NCCC(=O)N[C@@H]2CCCC3=C2C=CC=C3,0
NC/1=N/C2=C(N=C(SC3=CC=C(Cl)C=C3)[N]2[C@@H]4O[C@@H]5CO[P]([O-])(=O)O[C@H]5[C@H]4O)C(=O)N1,0
CC(=O)NC1=NN=C(S1)[S+](N)([O-])=O,0
COC1CC(OC(C)C1O)O[C@H]2CC[C@@]3(C)[C@H](CCC4C3CC[C@]5(C)[C@H]([C@H](C[C@]45O)OC(C)=O)\C6=C\C(=O)OC6)C2,0
Cn2cc(c1ccccc12)C=3C(=O)NC(=O)C=3c7cn(C5CCN(Cc4ncccc4)CC5)c6ccccc67,0
CC1=CC=C(C=C1)[S+]([O-])(=O)N2CCN(CC2)C3=C4C=CC(Cl)=CC4=NC=C3,0
CC1=CC=CC(=C1)C(=O)N2CCC3=CC(=CC=C23)CNC(=O)C4=CC5=C([NH]4)C=CC=C5,0
CCC(=O)C1=C(C)[N](C2=CC=C(C=C2)[S+](N)([O-])=O)C(=C1)C3=CC=C(Cl)C=C3,0
CC(C)\N=C\1/C=C\2N(C3=CC=C(Cl)C=C3)C4=C(C=CC=C4)\N=C2\C=C1NC5=CC=C(Cl)C=C5,0
CC1=CC=CC(=C1)\C=N\NC2=NC(=NC(=C2)N3CCOCC3)OCCC4=CC=CC=N4,0
C[C@@]1(NC(=O)CC2=CC=CC=C2)OC[C@H]3CC[C@H](N3C1=O)C(=O)NCC4=CC=CN=C4,0
COC1=CC=C(C=C1)C2=NN=C(SCC(O)=O)N2C3=CC=CC=C3,0
CC(=O)OC1=CC=C(C=C1OC(C)=O)C/2=C/OC3=C4\C=C/C(C)(C)OC4=C(CC=C(C)C)C(=C3C2=O)OC(C)=O,0
c1cccc2sc3ccccc3c12,0
OC1(CCN(CC1)CC2=C[NH]C3=C2C=CC=C3)C4=CC=C(Cl)C=C4,0
CC1(C)CC[C@]23CO[C@@]4(CCC5[C@@]6(C)CC[C@H](O[C@@H]7OC[C@H](O[C@@H]8O[C@H](CO)[C@@H](O)[C@H](O)[C@H]8O[C@@H]9OC[C@@H](O)[C@H](O)[C@H]9O)[C@H](O)[C@H]7O[C@@H]%10O[C@H](CO)[C@@H](O)[C@H](O)[C@H]%10O)[C@@](C)(CO)C6CC[C@@]5(C)[C@]4(C)C[C@H]2O)[C@@H]3C1,0
NC1=NC2=C([NH]C=N2)C(=N1)OCC3=CC(=CS3)Br,0
[Br-].CC[N+]3(CCOC(=O)C(O)(c1ccccc1)c2ccccc2)CCCCC3,0
COC1=CC=CC(=C1)C2/C3=C(OC4=CC=C5C=CC=CC5=C24)/N=C\N(C3=N)C6=C(C=CC=C6)C#N,0
[O-][N+](=O)C1=CC(=CC=C1)C2=CC=C(O2)C(=O)NC3CCCN(C3)CC4=CC=CC=C4,0
NC1=CC=C(C=C1)[S+]([O-])(=O)NC2=NC=CC=N2,0
COC1=CC2=C(C[C@@H](CO2)C3=CC=C(O)C(=C3O)CC=C(C)C)C(=C1CC=C(C)C)OC,0
C1CC[N]2N=NN=C2CC1,0
CC1=C(C)C=C(C=C1)[S+]([O-])(=O)/C2=C/N(CC(=O)NC3=CC=C(Cl)C=C3)C4=CC=C(F)C=C4C2=O,0
NCCNCCNCCNCCN,0
C=CC(=O)C1=CC2=CC=CC=C2C=C1,0
CC1=CC=C2NC(=O)C(=C(\C3=CC=CC=C3)C2=C1)\C4=N\N(C(C4)C5=CC=C(Br)C=C5)C(=O)CCC(O)=O,0
C1C[C@H](CN1)NC2=CC=CC(=N2)C3=CN=C4C=CC(=C[N]34)C5=C[NH]N=C5,0
NCCN.CN1C2=C(NC=N2)C(=O)N(C)C1=O.CN3C4=C(NC=N4)C(=O)N(C)C3=O,0
O=C(N)NC1N=C(O[Al](O)O)NC1=O,0
NC1=CC=C(C=C1)C2=NC3=CC=C(C=C3[NH]2)C4=NC5=CC(=CC=C5[NH]4)N,0
C\C1=C/CC[C@@]2(C)O[C@H]2[C@H]3OC(=O)C(=C)[C@@H]3CC1,0
[Na+].CCCCCN(C)CCC(O)(P(O)(O)=O)P(O)([O-])=O,0
CN(C)CCC1=CC2=C(OCO2)C3=C1C=CC4=C3C=CC=C4,0
CCNC1(CN(C1)C2=NC(=NC3=C(C4=CC=C(Cl)C=C4)C(=N[N]23)C5=C(Cl)C=CC=C5)C)C(N)=O,0
CC(CN(C([2H])([2H])[2H])C([2H])([2H])[2H])CN1C2=CC=CC=C2SC3=CC=CC=C13,0
[O-][S+](=O)(NC1=CC(=CC=C1C(=O)NC2=NC(=CS2)C3=CC=CC(=C3)F)C(F)(F)F)C4=CC=CC=C4C(F)(F)F,0
COC1=C2OC3(C)CCCC(O3)C2=C(O)C4=C1OC5=CC=C(O[S+](O)([O-])=O)C(=C5C4=O)OC,0
CNC(=O)C1=CC=C(NC2=NC(=C(C=N2)C(F)(F)F)NCC3=C(N=CC=N3)N(C)[S+](C)([O-])=O)C=C1,0
CNCC1=C(OC(F)(F)F)C=CC=C1,0
CCN(CC)C(=O)NC1=CC(=C(OCC(O)CNC(C)(C)C)C=C1)C(C)=O,0
COC1=CC=C(OC)C(NC(=O)COC(=O)C2=CC3=C(CCC3)S2)=C1,0
OC1=CC=C(CCC(=O)C2=C(O)C=C(O)C=C2O)C=C1,0
CC1=C(C=CC=C1)C/2=N/N\3C(=O)/C=C(CN4CCN(CC4)C(=O)COC5=C(Cl)C=CC=C5)\N=C3S2,0
CC1(C)CCC2(CCC3(C)\C(=C/CC4C5(C)CCC(O)C(C)(C5CCC34C)C(O)=O)C2C1O)C(=O)OC6OC(CO)C(O)C(O)C6O,0
OC1=CC(=CC2=CC=CN=C12)C3=CC=CN=C3,0
CC(C)COc1cc2ncc(c(O)c2cc1OCC(C)C)C(=O)OCC,0
C[N]1C(=NN=C1C23CCC(CC2)(CC3)C4=NOC(=N4)C5CC(F)(F)C5)C6=CC=CC=C6C(F)(F)F,0
O=C(NCC(=O)O)[C@@H](NC(=O)CC[C@H](N)C(=O)O)CS,0
OC\C1=C\C(=O)\C(=C/O1)O,0
CN1CCN(CC1)C(=O)C2=CC3=CC=C(CCNC4=C5C=C(C=CC5=NC=N4)C#N)C=C3C=C2,0
CCC1CN2CCC3=CC(=C(OC)C=C3C2CC1C\C4=N\CCC5=C4C=C(OC)C(=C5)O)OC,0
CCCCC\C=C/C/C=C\CCCCCCCC(=O)OCC(O)CO[P]([O-])(=O)OCC[N+](C)(C)C,0
C/C(C)=C\CCC(\C)=C\CCC(/C)=C/C(=O)OCC(=O)[C@@]4(O)CC[C@@H]3[C@]4(C)C[C@H](O)[C@H]2[C@H]3CCC1=CC(=O)C=C[C@@]12C,0
CC1=CC=C(C=C1C)C2=NC3=CC=CC=C3C(=C2)C(=O)NC4=CC=C(C=C4)[S+](N)([O-])=O,0
CN(C)CCCN1C2=C(SC3=C1C=C(C=C3)C(F)(F)F)C=CC=C2,0
CC(C)[C@H](C(=O)NC1=CC=C(C=C1)C(=O)NO)C2=CC=CC=C2,0
CC2(C)C(=C\C=C\C(C)=O)/C1CCC2C1,0
CC[S+]([O-])(=O)N1CCC(CC1)C(C)[N]2C(=C(C(=O)NC\C3=C(OC)\C=C(\C)NC3=O)C4=C2C=CC=C4)C,0
C[C@]12CC[C@@H](O)C(=C)C1C[C@@H](CC2)C(=C)C(O)=O,0
CN1\C=N/C2=CC=C(N=C2C1=O)C3=CC=C(C=C3)[S+](C)([O-])=O,0
[Cl-].C[N+](C)(C)CCOC(=O)C,0
Cl.CC1=CC=C(NC2=CC(C)=C3C=CC(O)=CC3=N2)C=C1C,0
Cl.OC(=O)C1CCCN(CCC=C(C2=CC=CC=C2)C3=CC=CC=C3)C1,0
OC(=O)\C=C/C(O)=O.CN(C)CCC(C1=CC=C(Br)C=C1)C2=CC=CC=N2,0
[H][C@]1(C)O[C@]([H])(O[C@]2([H])[C@@]([H])(CO)O[C@]([H])(O[C@]3([H])[C@@]([H])(CO)OC(O)[C@]([H])(O)[C@@]3([H])O)[C@]([H])(O)[C@@]2([H])O)[C@]([H])(O)[C@@]([H])(O)[C@]1([H])N[C@@]4([H])C=C(CO)[C@@]([H])(O)[C@]([H])(O)[C@@]4([H])O,0
CC(=O)O[C@H]1CC[C@]\2(C)[C@H]3CC[C@@]4(C)[C@@H](CC[C@@H]4C(C)=O)[C@@H]3C\C=C2C1,0
OC(=O)[C@H](CC1=CC=C(O)C=C1)N2C(=O)C3=CC=C(C=C3C2=O)C(O)=O,0
Cl.CC[C@]3(O)C=4C=C5c6nc7ccc(OC(=O)N1CCC(CC1)N2CCCCC2)cc7c(CC)c6CN5C(=O)C=4COC3=O,0
CN1CCN(CC1)C(=O)COC2=C(Cl)C(=C3C(=C(SC3=N2)C(=O)NC4CC4)N)C,0
ClC1=CC=C(NC(=O)N2CCC[C@@H]2C(=O)N3CCC(CC3)N4CCOC4=O)C=C1,0
OCC4=C[C@H](N[C@H]1[C@H](O)[C@@H](O)[C@H](O[C@@H]1C)O[C@@H]3[C@@H](CO)O[C@H](O[C@@H]2[C@@H](CO)O[C@@H](O)[C@H](O)[C@H]2O)[C@H](O)[C@H]3O)[C@H](O)[C@@H](O)[C@@H]4O,0
CC1=C2[NH]C(=C1C=C)C=C\3N=C(C=C\4N=C(C=C5[NH]C(=C2)C(=C5C)C=C)\C(=C4CCC([O-])=O)C)\C(=C3C)CCC([O-])=O,0
Cc1ncc([N+]([O-])=O)n1CC(O)C,0
CC1=CC(=CC=C1)C2=CC=C(C=O)C=C2,0
O[C@@H]([C@@H]1C[C@@H]2CC[N@]1C[C@@H]2C=C)C3=CC=NC4=C3C=CC=C4,0
CC1=CC(=C(C)[N]1CC2=CC=CC=C2)C(=O)CN3\C=C(/C=C\C3=O)C#N,0
CCNC(=O)NC1=C(Cl)C=C(OC2=C(\C=N\OC)C(=NC=N2)N)C=C1,0
CN1CCN(CC1)C2=NC3=CC=C(NC(=O)NC4=CC(=C(C)C=C4)F)C=C3C(=C2)C,0
COCC/1=C/2[C@H](C[C@@](C)(O)C3(O)CCC(C)(O3)/C=C2OC1=O)OC(=O)C(C)=C,0
OC1=C(C=CC=C1CC=C)/C=N/NC(=O)CN2CCN(CC2)CC3=CC=CC=C3,0
C1CN2CC(N=C2S1)C3=CC=CC=C3,0
Oc2ccccc2C(=O)Oc1ccccc1,0
Cl.CC(CN1CCCCC1)C(=O)c2ccc(CC)cc2,0
Cl.N\C(NCC1=CC=CC=C1)=N/C(=O)C2=NC(Cl)=C(N)N=C2N,0
CC1CCCC(C)N1C(=O)C2=N[N]3C=NN=C3C(=C2)C4=CC(=CC(=C4)Cl)Cl,0
NC1=NC2=C(N=C[N]2[C@@H]\3C[C@H](CO)\C=C3)C(=N1)NC4CC4,0
C[N]1C2=CC=C(F)C=C2C\3=C1C(=O)N(\C=C3C(=O)N4CCCC4)C5=CC=CC=C5,0
CCCCCCCC\C=C/CCCCCCCC(=O)OC[C@H](CO)OC(=O)CCCCCCC\C=C/CCCCCCCC,0
CN1C[C@H]2[C@H](C1)C3=CC(=CC=C3OC4=C2C=CC=C4)Cl,0
COc1cc(ccc1)C(CC)(CC)CNC(=O)CCCO,0
NS(=O)(=O)Cc2noc1ccccc12,0
CN1CCN(C)C(=O)C1C2=CC=C(N/C3=N/C(=C\N(C)C3=O)C4=C(C)C(=CC=C4)NC(=O)C5=CC6=C(CCCC6)S5)C=C2,0
NC(=N)NC(=O)C1=NC(=C(N)N=C1N)Cl,0
CC1(CCCCCCC1)N2CCC(CC2)[N]3C4=C(C=CC=C4)N=C3[C@@H]5CCCNC5,0
CC1=C(C)C=C2N(C[C@@H](O)[C@@H](O)[C@@H](O)CO[P](O)([O-])=O)C\3=N\C(=O)NC(=O)C3=N/C2=C1,0
Cl.O=C(Nc1ccccc1)OCC(OC(=O)Nc2ccccc2)CN3CCCCC3,0
CC(=O)NC1=NC(=C(S1)C2=CC(=C(Cl)C=C2)[S+]([O-])(=O)NCCO)C,0
OC(=O)CCCCC(=O)O,0
O.O.O.O.[Na+].CC(C)(C)C(=O)OC1=CC=C(C=C1)S(=O)(=O)NC1=CC=CC=C1C(=O)NCC([O-])=O,0
CN1CCN(CC1)C2=NC3=CC=C(NC(=O)NC4=CC(=C(C)C=C4)F)C=C3C(=C2)C,0
Oc1ccc(cc1O)[C@H](O)[C@H](N)C(=O)O,0
C[C@@H]1O[C@@H](O[C@@H]2[C@@H](O)[C@H](O[C@H](CO)[C@H]2OC(=O)\C=C\C3=CC=C(O)C=C3)O[C@]4(CO)O[C@H](CO)[C@@H](O)[C@@H]4OC(=O)\C=C\C5=CC=C(O)C=C5)[C@H](O)[C@H](O)[C@H]1O[C@@H]6O[C@@H](C)[C@H](O[C@@H]7OC[C@](O)(CO)[C@H]7O)[C@@H](O)[C@H]6O,0
O=S(=O)(Nc1ncc(cn1)OC)c2ccc(N)cc2,0
CC(C)N[C@@H](C)[C@@H](O)COC1=C2CCCC2=C(C)C=C1,0
CCOC1=C(C=CC=C1)N(CC)C(=O)CN2\N=C/C3=C([NH]C4=CC=CC=C34)C2=O,0
COC(=O)C/1=C/O[C@@H](O)[C@H]\2[C@@H]1C\C=C2CO,0
CCCCC\C=C/C/C=C\C\C=C/C/C=C\CCCC(O)=O,0
CC(C)(O)\C=C\C(=O)[C@](C)(O)[C@H]1[C@H](O)C[C@@]2(C)[C@@H]3C\C=C4/[C@@H](/C=C(/O[C@@H]5O[C@H](CO)[C@@H](O)[C@H](O)[C@H]5O)C(=O)C4(C)C)[C@]3(C)C(=O)C[C@]12C,0
COC(=O)[C@H](NC(=O)C1=C2C=CC=CC2=NC(=C1)C3=CC=CC=C3)C4=CC=CC=C4,0
C(CN1CCN(CCOC(C2=CC=CC=C2)C3=CC=CC=C3)CC1)CC4=CC=CC=C4,0
Cl.CNCC[C@H](Oc1cccc2ccccc12)c3cccs3,0
CC(=N/NC(=O)C1=CC=CC(=C1)[S+]([O-])(=O)N2CCOCC2)\C3=CC(=CC=C3O)Cl,0
CC(C)(O)CC(=O)NCC[N]1C=CC2=C1C(=NC=N2)NC3=CC=C(OC4=CC=CC(=C4)C(F)(F)F)C(=C3)Cl,0
C[N]1C=C(C=N1)C2=C3\C=N/NC(=O)C4=C3C(=CC(=C4)NC(=O)[C@H](N)C5CCCCC5)[NH]2,0
CC1=CC(=CC=C1)NC2=C(C=NC(=N2)N[C@@H]3CCCC[C@@H]3N)C(N)=O,0
CO[C@H]1/C=C/O[C@@]2(C)OC3=C(C2=O)C4=C(C(=C3C)O)C(=C(NC(=O)\C(=C/C=C/[C@H](C)[C@H](O)[C@@H](C)[C@@H](O)[C@@H](C)[C@H](OC(C)=O)[C@@H]1C)C)C(=C4O)\C=N/N5CCN(CC5)C6CCCC6)O,0
[Na+].[Na+].[O-]C(=O)CCC(=O)O[C@H]4CC[C@]3(C)[C@H]5C(=O)C=C1[C@@](C)(CC[C@@]2(C)CC[C@@](C)(C[C@@H]12)C([O-])=O)[C@]5(C)CC[C@H]3C4(C)C,0
C[C@H]1N2CC3=C(Cl)C=CC=C3N\C2=N\C1=O,0
CC1=CC=C2N(CC(=O)NC3=CC4=C(OCO4)C=C3)\C=C(C(=O)C2=C1)\[S+]([O-])(=O)C5=CC=C(F)C=C5,0
CC(C)(C)C1=CC(=NO1)NC(=O)NC2=CC=C(C=C2)C3=C[N]4C(=N3)SC5=C4C=CC(=C5)OCCN6CCOCC6,0
CN1[C@@H]2CC[C@@H](C[C@H]1CC2)NC(=O)C3=N[N](C)C4=C3C=CC=C4,0
CCC/C=C/C(=O)O[C@H]1CC(C)(C)CC2[C@@]34CCC5[C@@]6(C)CC[C@H](O[C@@H]7O[C@@H]([C@@H](O)[C@H](O[C@@H]8O[C@H](CO)[C@H](O)[C@H](O)[C@H]8O[C@@H]9O[C@@H](C)[C@H](O)[C@@H](O)[C@H]9O[C@@H]%10OC[C@](O)(CO)[C@H]%10O)[C@H]7O[C@@H]%11O[C@H](CO)[C@H](O)[C@H](O)[C@H]%11O)C(O)=O)C(C)(C)C6CC[C@@]5(C)[C@]3(C)C[C@@H](OC(C)=O)[C@@]12[C@H](O)O4,0
COC1=CC=C(C=C1)N(C(C(=O)NCC2=CC=CC=C2)C3=CC=C(F)C=C3)C(=O)C[N]4N=NC5=CC=CC=C45,0
FC1=CC=C(CN2C(=O)C3=CC=N[N]3C4=C2C=C(C=C4)C(=O)NCC5=CN=CC=C5)C=C1,0
N[C@@H](CC=C)C(O)=O,0
CCCCCCCCCCCCCCCCSC[C@H](CO[P]([O-])(=O)OCC[N+](C)(C)C)NC(=O)CCCCCCCCCCCCCCC,0
O=C1NCC2=C3C(NC4=C3C=CC=C4)=C5NC6=C(C=CC=C6)C5=C12,0
COC1=C(C)C2=C(C(=C1C\C=C(/C)CCC(O)=O)O)C(=O)OC2,0
CN(C)CCN(C)C(=O)C1=CC=C(NC(=O)NC2=CC=C(C=C2)C3=NC4=C(C=C[N]4CC(F)(F)F)C(=N3)N5CCOCC5)C=C1,0
CCCCNC1=CC(=CC(=C1OC2=CC=CC=C2)[S+](N)([O-])=O)C(O)=O,0
CCCC1(CCC)CCC2(CCN(CCCN(CC)CC)C2)CC1,0
CC(C)(C)NC1=NC2=CC(=C(Cl)C=C2N=C1[S+](C)([O-])=O)Cl,0
CCCCCCCCCCCCCCCCO[P]([O-])(=O)OCC[N+](C)(C)C,0
CN1CCN(CC1)\C2=N\C3=C(OC4=C2C=C(Cl)C=C4)C=CC=C3,0
Nc1ccc(O)cc1,0
Cl.[H][C@@]12C[C@@](O)(CCN1C[C@@]3([H])C4=C(CCC5=C3C2=CC=C5)C=CC=C4)C(C)(C)C,0
CC(C)=CCC1=C2OC(C)(C)\C=C/C2=C3O\C=C(/C(=O)C3=C1O)C4=C(O)C=C(O)C=C4,0
COC1=C(O)C=CC(=C1)CNC(=O)CCCCCCC(C)C,0
OC(=O)COCCN1CCN(CC1)C(C2=CC=CC=C2)C3=CC=C(Cl)C=C3,0
CCN(CC)CCCNC(=O)C1=CC=C(C=C1)C2=NC(=C(C)O2)CN3CCC4=C3C=CC=C4,0
NC(CO)(CO)CO.OC(=O)C1CCN2C1=CC=C2C(=O)C3=CC=CC=C3,0
CC2(C)C[C@H](O)CC(C)=C2/C=CC(\C)=C\C=C\C(\C)=C\C=C\C=C(/C)\C=C\C=C(/C)\C=C\C1=C(C)C[C@@H](O)CC1(C)C,0
COC1=CC(=C(\C=C2\C(=O)NC3=C2C=CC=C3)C(=C1)OC)OC,0
CC1OC(O[C@@H]2[C@H](O)[C@@]3(OCC2=C)O[C@H]4CC5C6C/C=C7/C[C@@H](O)C[C@@H](O[C@@H]8OC[C@H](O)[C@H](O[C@@H]9OC[C@@H](O)[C@H](O)[C@H]9O)[C@H]8O[C@@H]%10O[C@@H](C)[C@H](OC(C)=O)[C@@H](OC(C)=O)[C@H]%10OC(C)=O)[C@]7(C)C6CC[C@]5(C)[C@@H]4[C@@H]3C)C(O)C(O)C1O,0
CC1=CC=C(F)C=C1NC(=O)CSC2=NC(=CC(=N2)C(F)(F)F)C3=CC=CS3,0
NC(=O)NO,0
C[N]1C=C(C2=CC3=C(C=C2)N(CC3)C(=O)CC4=CC(=CC=C4)C(F)(F)F)C5=C1N=CN=C5N,0
OC1=CC(=CC=C1Cl)C2=C([NH]C(=N2)C3=CC=CC=C3)C4=CC=NC=C4,0
COCCNC(=O)[C@@H](C)C1CCC2=C(C)C=C(OCC=C)C(=C2[C@@H]1O)C,0
CCCC1O[C@@H]2C[C@H]3[C@@H]4CCC/5=C/C(=O)/C=C\[C@]5(C)[C@H]4[C@@H](O)C[C@]3(C)[C@@]2(O1)C(=O)CO,0
COC1C(OC(N)=O)C(O)C(OC2=C(C)C3=C(C=C2)\C(=C(NC(=O)C4=CC(=C([O-])C=C4)CC=C(C)C)/C(=O)O3)O)OC1(C)C,0
CC1=C(SC(=N1)NC(=O)N2CCCC2C(N)=O)C3=CSC(=N3)C(C)(C)C,0
[O-][S+](=O)(CC1=CC=CC=C1F)N2C[C@H](C[C@@H]2C(=O)N3CCOCC3)OC4=CN=CC=C4,0
NC(=O)C1=N[N](C=N1)[C@@H]2O[C@H](CO)[C@@H](O)[C@H]2O,0
COC12CC3C(C(C)\C1=C\C(=O)O2)C(O)C(OC(C)=O)C4C(C)(C)C(CCC34C)OC(C)=O,0
O=C(NCC(=O)O)c1ccccc1,0
Cl.NC(=O)C=3C(=O)[C@@]4(O)C(O)=C2C(=O)c1c(O)cccc1[C@H](C)[C@H]2[C@H](O)[C@H]4[C@@H](C=3O)N(C)C,0
OP(=O)(O)OCN1C(=O)C(NC1=O)(c2ccccc2)c3ccccc3,0
NC1=NC=NC2=C1N=C(NCC3=CC(=C(Cl)C=C3)Cl)[N]2[C@@H]4O[C@H](COCC5=CC=C(C=C5)C#N)[C@@H](O)[C@H]4O,0
CO[C@H]1CC[C@]2(CC1)CC3=C(C=C(C=C3)C4=CN=CC(=C4)C#CC)[C@@]2/5\N=C(C)/C(=N5)N,0
CCCCCCCCC1=CC=C(CCC(N)(CO)CO)C=C1,0
OC(=O)[C@@H]1CCN1,0
CC(=O)Oc1ccc(cc1)C(c2ccc(OC(C)=O)cc2)c3ccccn3,0
OC(=O)/C=C/C1=CC(=C(O)C=C1)O,0
FC1=C(C=CC=C1)C2=CC=NC3=C2CN(CC4=CC(=CC(=C4)C(F)(F)F)C(F)(F)F)C(=O)CO3,0
CCC(COC)[N]1N=NC2=C(NC3=CC=C(OC)C=C3C)N=C(C)C=C12,0
O[C@H]1CCN(C1)C(=O)NC2=C3N=C(C=C[N]3N=C2)N4CCC[C@@H]4C5=CC(=CC=C5F)F,0
CC(O)Cn2cnc1c2C(=O)N(C)C(=O)N1C,0
CN(C)[C@H]\1[C@@H]2[C@@H](O)[C@H]3\C(=C(O)/[C@]2(O)C(=O)\C(=C1O)C(N)=O)C(=O)C4=C(C=CC=C4O)[C@@]3(C)O,0
CC=1OCCS(=O)(=O)C=1C(=O)Nc2ccccc2,0
CC(C(=O)O)c1ccc(CC(C)C)cc1,0
C[C@]\12CC[C@H](O)CC1=C/CC3C2CC[C@@]\4(C)C3C\C=C4[N]5C=NC6=C5C=CC=C6,0
Oc1ccc(cc1O)[C@@H](O)CN.O=C(O)C(O)C(O)C(=O)O.O=C(O)C(O)C(O)C(=O)O,0
Nc1nc(C)ncc1CNC(=O)N(CCCl)N=O,0
CN1CC[C@]2(C)[C@H]1N(C)C3=CC=C(OC(=O)NC4=CC=CC=C4)C=C23,0
FC1=CN=CC(=C1)N([C@H](C(=O)NC2CC(F)(F)C2)C3=C(Cl)C=CC=C3)C(=O)[C@@H]4CCC(=O)N4C5=NC=CC(=C5)C#N,0
CC1=CC=CC=C1NC2=CC(=C3C=CC=CC3=N2)C(=O)NCCCN4CCN(CC4)C5=CC=CC(=C5)Cl,0
CC1=CC(=C(C)N1C2=CC=CC=C2F)C3=NN=C(NC4CC4)SC3,0
Cl.OC1=CC2=C(C=C1O)C(CNCC2)C3=CC=CC=C3,0
C[C@@H](N(C)C(=O)N1CC[C@@H](C[C@@H]1C2=CC=C(F)C=C2C)N3CCN(CC3)C(C)=O)C4=CC(=CC(=C4)C(F)(F)F)C(F)(F)F,0
CCCCCC(=O)C1=C(O)C(=C(OC)C=C1O)Cl,0
CCCCCCNC(=O)C1=CC(=CN=C1)C2=CC(=C(C)C=C2)[N+]([O-])=O,0
CC(=O)OC1=CC2=C(C(=O)\C(=C/O2)C3=CC(=C(OC(C)=O)C(=C3)OC(C)=O)OC(C)=O)C(=C1OC(C)=O)OC(C)=O,0
FC(F)(F)c1ccc(cc1)C(\CCCCOC)=N\OCCN,0
CCC1CC2\C(=C/C3CCCCC3C2(C)C4(O1)OC(=O)C(C)(O)OC4=O)C,0
CCOC(=O)C1=C2CN(C)C(=O)C3=C(C=CC(=C3)F)[N]2C=N1,0
CCOC(=O)C1=C2CN(C)C(=O)C3=C(C=CC(=C3)F)[N]2C=N1,0
[H]N(CCCCN(CC)CC)C1=NC=C2C=C(C(=NC2=N1)N([H])C(=O)N([H])C(C)(C)C)C3=C(Cl)C=CC=C3Cl,0
NC(=O)NC1=C(SC(=C1)C2=CC(=CC=C2)F)C(=O)N[C@H]3CCCNC3,0
C/C=C(C)/C(=O)OC1C(C)C2(O)C(\C=C(CO)/CC3(O)C2\C=C(C)/C3=O)C4C(C)(C)C14OC(C)=O,0
O=C(N1CCCCC1)C2=CC3=C(OCCO3)C=C2,0
OC1O[C@@H](COC(=O)C2=CC(O)=C(O)C(O)=C2)[C@H](O)[C@@]1(O)COC(=O)C3=CC(O)=C(O)C(O)=C3,0
OC(COC1=C2C=CC=NC2=CC=C1)CN3CCN(CC3)C(=O)C(C4=CC=CC=C4)C5=CC=CC=C5,0
C[C@@H]1O[C@@H](O\C2=C(\OC3=C(C(=CC(=C3)O)O)C2=O)C4=CC(=C(O)C=C4)O)[C@H](OC(=O)C5=CC(=C(O)C(=C5)O)O)[C@H](O)[C@H]1O,0
CCOC(=O)C1=CC=CC=C1C(=O)OCC,0
O=C(c1ccc(cc1O)OC)c2ccccc2,0
OC[C@H]1O[C@H]([C@@H](F)[C@@H]1O)N2\C=C/C(=O)NC2=O,0
C[S+]([O-])(=N)CC[C@H](N)C(O)=O,0
OC1=C(C=CC=N1)C(=O)NCCCNC(=O)C2=NOC(=C2)C3=CC=CC=C3,0
CC[S+]([O-])(=O)NC1=CC(=CC=C1)[C](=[C]2CC[CH2]CC2)C3=CN=C[NH]3,0
O=C(OC)N/C(NC(=O)OC)=N\c2ccc(Sc1ccccc1)cc2NC(=O)COC,0
CCN(CC)CCOCCOC(=O)C(CC)(CC)C1=CC=CC=C1,0
C[N]1N=C(C(=O)N2CCC/3=C(C2)/C(=O)N4N/C=C\C4=N3)C5=CC=CC=C15,0
CCCN1C(=O)N(CC)C2=C([NH]C(=N2)C3=C[N](CC4=CC=CC(=C4)C(F)(F)F)N=C3)C1=O,0
CC(C)C1C2\C=C(C)/C(CC2C(C)CC1=O)OC3OC(CO)C(O)C(O)C3O,0
CCOC(=O)C\1=C\N(CC(=O)NC2=CC=C(OC)C=C2)[S+]([O-])(=O)\N=C1C,0
CCCCNC1=C(C(=O)OCC)C(=NC2=C1C=N[N]2CC)C,0
Oc1c(I)cc(I)c2cccnc12,0
O=C(NC1CCCCC1)NS(=O)(=O)c2ccc(cc2)C(C)=O,0
C[C@@H]1O[C@@H](O[C@@H]2[C@@H](O)[C@H](OCCC3=CC(=C(O)C=C3)O)O[C@H](CO)[C@H]2OC(=O)\C=C\C4=CC(=C(O)C=C4)O)[C@H](O)[C@H](O)[C@H]1O,0
OC1=CC=C(C=C1)[C@@H]2OC3=C(C=C(O)C=C3)[C@@H]4CCC[C@H]24,0
[Cl-].OC(c1ccccc1)(c2ccccc2)C(=O)O[C@@H]3C[C@@H]5CC[C@H](C3)[N+]45CCCC4,0
OC1=C(O)C=C(C=C1)\C=N\NC(=O)C2=C(O)C=C3C=CC=CC3=C2,0
CN(C)C[C@@H]1CC[N]2C=C(C3=C2C=CC=C3)C/4=C(/C(=O)NC4=O)C5=C[N](CCO1)C6=C5C=CC=C6,0
CC1(C)O[C@@H]2C[C@H]3[C@@H]4C[C@H](F)C/5=C/C(=O)/C=C\[C@]5(C)[C@@]4(F)[C@@H](O)C[C@]3(C)[C@@]2(O1)C(=O)CO,0
CO[P](=S)(OC)OC1=CC=C(C=C1)[N+]([O-])=O,0
CC1=CC(=CC=C1)OC2=CC3=C(C=C2)C(=O)NC4=C(O3)C=CC=C4,0
CN(C)C(=O)CN(C(C)=O)c1ccccc1,0
COC1=C(OC)C=C2C(=NC=NC2=C1)NC3=CC(=C(O)C(=C3)Br)Br,0
CC1=CC=CC(=C1)NC2=NC(=CS2)C3=CC=NC=C3,0
COC1=CC(=CC=C1)N2CCN(CC2)/C3=N/C4=C(F)C=CC=C4[C@H](CC(O)=O)N3C5=CC(=CC=C5OC)C(F)(F)F,0
